event_id,user_id,campaign_id,timestamp,platform,region
evt_0,u_103,cmp_4,2025-12-09 23:20:17.890974,Meta_Ads,US-EAST
evt_1,u_417,cmp_5,2025-12-09 20:55:12.891017,Meta_Ads,US-EAST
evt_2,u_416,cmp_5,2025-12-09 22:01:34.891033,Meta_Ads,US-EAST
evt_3,u_107,cmp_1,2025-12-09 21:16:06.891044,Meta_Ads,US-EAST
evt_4,u_387,cmp_2,2025-12-09 23:06:48.891054,Meta_Ads,US-EAST
evt_5,u_45,cmp_5,2025-12-09 22:34:56.891061,Meta_Ads,US-EAST
evt_6,u_428,cmp_5,2025-12-09 22:19:19.891070,Meta_Ads,US-EAST
evt_7,u_232,cmp_3,2025-12-09 21:57:38.891079,Meta_Ads,US-EAST
evt_8,u_359,cmp_3,2025-12-09 21:07:13.891088,Meta_Ads,US-EAST
evt_9,u_42,cmp_3,2025-12-09 22:57:25.891098,Meta_Ads,US-EAST
evt_10,u_330,cmp_3,2025-12-09 21:05:23.891108,Meta_Ads,US-EAST
evt_11,u_417,cmp_3,2025-12-09 21:09:30.891117,Meta_Ads,US-EAST
evt_12,u_308,cmp_4,2025-12-09 22:46:25.891127,Meta_Ads,US-EAST
evt_13,u_410,cmp_3,2025-12-09 22:29:01.891137,Meta_Ads,US-EAST
evt_14,u_178,cmp_1,2025-12-09 20:47:32.891147,Meta_Ads,US-EAST
evt_15,u_474,cmp_3,2025-12-09 23:27:35.891157,Meta_Ads,US-EAST
evt_16,u_108,cmp_5,2025-12-09 22:03:17.891165,Meta_Ads,US-EAST
evt_17,u_65,cmp_5,2025-12-09 23:19:31.891174,Meta_Ads,US-EAST
evt_18,u_206,cmp_2,2025-12-09 22:06:26.891183,Meta_Ads,US-EAST
evt_19,u_99,cmp_4,2025-12-09 21:14:25.891198,Meta_Ads,US-EAST
evt_20,u_275,cmp_4,2025-12-09 22:43:40.891209,Meta_Ads,US-EAST
evt_21,u_471,cmp_2,2025-12-09 20:57:23.891219,Meta_Ads,US-EAST
evt_22,u_227,cmp_2,2025-12-09 20:51:48.891254,Meta_Ads,US-EAST
evt_23,u_453,cmp_5,2025-12-09 22:02:15.891265,Meta_Ads,US-EAST
evt_24,u_149,cmp_4,2025-12-09 20:57:51.891275,Meta_Ads,US-EAST
evt_25,u_285,cmp_2,2025-12-09 21:43:10.891284,Meta_Ads,US-EAST
evt_26,u_99,cmp_4,2025-12-09 20:55:35.891294,Meta_Ads,US-EAST
evt_27,u_36,cmp_1,2025-12-09 22:29:33.891304,Meta_Ads,US-EAST
evt_28,u_228,cmp_4,2025-12-09 21:41:21.891313,Meta_Ads,US-EAST
evt_29,u_263,cmp_1,2025-12-09 22:22:38.891322,Meta_Ads,US-EAST
evt_30,u_120,cmp_3,2025-12-09 22:14:59.891331,Meta_Ads,US-EAST
evt_31,u_391,cmp_5,2025-12-09 22:28:19.891340,Meta_Ads,US-EAST
evt_32,u_337,cmp_3,2025-12-09 21:03:08.891350,Meta_Ads,US-EAST
evt_33,u_191,cmp_3,2025-12-09 23:17:09.891359,Meta_Ads,US-EAST
evt_34,u_465,cmp_5,2025-12-09 22:42:21.891369,Meta_Ads,US-EAST
evt_35,u_61,cmp_5,2025-12-09 22:51:10.891377,Meta_Ads,US-EAST
evt_36,u_165,cmp_5,2025-12-09 21:42:24.891385,Meta_Ads,US-EAST
evt_37,u_174,cmp_3,2025-12-09 22:05:02.891394,Meta_Ads,US-EAST
evt_38,u_235,cmp_1,2025-12-09 21:43:28.891402,Meta_Ads,US-EAST
evt_39,u_350,cmp_4,2025-12-09 22:42:36.891410,Meta_Ads,US-EAST
evt_40,u_77,cmp_2,2025-12-09 22:01:24.891418,Meta_Ads,US-EAST
evt_41,u_157,cmp_4,2025-12-09 22:36:37.891427,Meta_Ads,US-EAST
evt_42,u_223,cmp_4,2025-12-09 21:01:44.891436,Meta_Ads,US-EAST
evt_43,u_276,cmp_4,2025-12-09 22:34:27.891445,Meta_Ads,US-EAST
evt_44,u_436,cmp_4,2025-12-09 21:52:53.891453,Meta_Ads,US-EAST
evt_45,u_372,cmp_4,2025-12-09 22:14:21.891462,Meta_Ads,US-EAST
evt_46,u_388,cmp_3,2025-12-09 22:20:33.891472,Meta_Ads,US-EAST
evt_47,u_392,cmp_3,2025-12-09 23:09:24.891480,Meta_Ads,US-EAST
evt_48,u_78,cmp_1,2025-12-09 23:20:05.891489,Meta_Ads,US-EAST
evt_49,u_125,cmp_1,2025-12-09 22:03:07.891498,Meta_Ads,US-EAST
evt_50,u_334,cmp_2,2025-12-09 20:49:28.891507,Meta_Ads,US-EAST
evt_51,u_413,cmp_3,2025-12-09 20:57:34.891517,Meta_Ads,US-EAST
evt_52,u_458,cmp_2,2025-12-09 22:16:18.891526,Meta_Ads,US-EAST
evt_53,u_193,cmp_4,2025-12-09 22:37:54.891535,Meta_Ads,US-EAST
evt_54,u_212,cmp_5,2025-12-09 22:54:40.891544,Meta_Ads,US-EAST
evt_55,u_435,cmp_3,2025-12-09 22:39:54.891558,Meta_Ads,US-EAST
evt_56,u_51,cmp_2,2025-12-09 21:20:33.891569,Meta_Ads,US-EAST
evt_57,u_219,cmp_3,2025-12-09 21:19:44.891578,Meta_Ads,US-EAST
evt_58,u_162,cmp_2,2025-12-09 22:18:56.891588,Meta_Ads,US-EAST
evt_59,u_28,cmp_4,2025-12-09 21:51:43.891597,Meta_Ads,US-EAST
evt_60,u_191,cmp_1,2025-12-09 21:26:00.891606,Meta_Ads,US-EAST
evt_61,u_13,cmp_2,2025-12-09 23:23:00.891615,Meta_Ads,US-EAST
evt_62,u_6,cmp_5,2025-12-09 22:06:41.891625,Meta_Ads,US-EAST
evt_63,u_339,cmp_5,2025-12-09 21:11:48.891634,Meta_Ads,US-EAST
evt_64,u_34,cmp_5,2025-12-09 22:23:01.891649,Meta_Ads,US-EAST
evt_65,u_27,cmp_5,2025-12-09 23:25:22.891657,Meta_Ads,US-EAST
evt_66,u_369,cmp_5,2025-12-09 22:06:06.891666,Meta_Ads,US-EAST
evt_67,u_154,cmp_3,2025-12-09 21:48:26.891675,Meta_Ads,US-EAST
evt_68,u_100,cmp_4,2025-12-09 22:49:59.891684,Meta_Ads,US-EAST
evt_69,u_340,cmp_4,2025-12-09 21:41:59.891693,Meta_Ads,US-EAST
evt_70,u_151,cmp_2,2025-12-09 21:13:07.891702,Meta_Ads,US-EAST
evt_71,u_412,cmp_3,2025-12-09 23:27:39.891711,Meta_Ads,US-EAST
evt_72,u_286,cmp_1,2025-12-09 22:49:39.891721,Meta_Ads,US-EAST
evt_73,u_139,cmp_2,2025-12-09 21:32:13.891731,Meta_Ads,US-EAST
evt_74,u_314,cmp_4,2025-12-09 22:37:54.891741,Meta_Ads,US-EAST
evt_75,u_273,cmp_2,2025-12-09 22:09:48.891749,Meta_Ads,US-EAST
evt_76,u_263,cmp_5,2025-12-09 21:08:28.891759,Meta_Ads,US-EAST
evt_77,u_133,cmp_4,2025-12-09 22:10:17.891769,Meta_Ads,US-EAST
evt_78,u_377,cmp_4,2025-12-09 21:13:09.891777,Meta_Ads,US-EAST
evt_79,u_156,cmp_2,2025-12-09 21:28:53.891786,Meta_Ads,US-EAST
evt_80,u_123,cmp_4,2025-12-09 23:03:46.891794,Meta_Ads,US-EAST
evt_81,u_437,cmp_1,2025-12-09 22:56:02.891803,Meta_Ads,US-EAST
evt_82,u_490,cmp_5,2025-12-09 23:18:06.891812,Meta_Ads,US-EAST
evt_83,u_435,cmp_2,2025-12-09 22:14:30.891821,Meta_Ads,US-EAST
evt_84,u_481,cmp_3,2025-12-09 20:52:38.891829,Meta_Ads,US-EAST
evt_85,u_137,cmp_4,2025-12-09 21:09:54.891837,Meta_Ads,US-EAST
evt_86,u_238,cmp_1,2025-12-09 21:33:12.891846,Meta_Ads,US-EAST
evt_87,u_166,cmp_2,2025-12-09 21:41:12.891854,Meta_Ads,US-EAST
evt_88,u_157,cmp_3,2025-12-09 23:17:13.891863,Meta_Ads,US-EAST
evt_89,u_134,cmp_2,2025-12-09 21:36:14.891872,Meta_Ads,US-EAST
evt_90,u_454,cmp_4,2025-12-09 21:12:54.891882,Meta_Ads,US-EAST
evt_91,u_204,cmp_3,2025-12-09 21:00:19.891896,Meta_Ads,US-EAST
evt_92,u_218,cmp_1,2025-12-09 20:57:13.891906,Meta_Ads,US-EAST
evt_93,u_409,cmp_5,2025-12-09 23:21:02.891915,Meta_Ads,US-EAST
evt_94,u_367,cmp_3,2025-12-09 22:05:11.891923,Meta_Ads,US-EAST
evt_95,u_369,cmp_4,2025-12-09 21:43:06.891932,Meta_Ads,US-EAST
evt_96,u_271,cmp_2,2025-12-09 21:14:11.891941,Meta_Ads,US-EAST
evt_97,u_445,cmp_4,2025-12-09 21:21:20.891949,Meta_Ads,US-EAST
evt_98,u_476,cmp_4,2025-12-09 23:28:07.891958,Meta_Ads,US-EAST
evt_99,u_56,cmp_5,2025-12-09 21:36:04.891966,Meta_Ads,US-EAST
evt_100,u_145,cmp_3,2025-12-09 23:00:28.891975,Meta_Ads,US-EAST
evt_101,u_262,cmp_3,2025-12-09 23:31:33.891983,Meta_Ads,US-EAST
evt_102,u_292,cmp_4,2025-12-09 21:09:57.891991,Meta_Ads,US-EAST
evt_103,u_224,cmp_1,2025-12-09 21:39:55.892000,Meta_Ads,US-EAST
evt_104,u_409,cmp_1,2025-12-09 21:42:02.892008,Meta_Ads,US-EAST
evt_105,u_315,cmp_3,2025-12-09 22:34:53.892017,Meta_Ads,US-EAST
evt_106,u_190,cmp_4,2025-12-09 21:46:14.892025,Meta_Ads,US-EAST
evt_107,u_126,cmp_4,2025-12-09 22:33:15.892034,Meta_Ads,US-EAST
evt_108,u_168,cmp_5,2025-12-09 22:29:30.893952,Meta_Ads,US-EAST
evt_109,u_91,cmp_2,2025-12-09 22:18:18.893963,Meta_Ads,US-EAST
evt_110,u_320,cmp_3,2025-12-09 21:16:19.893971,Meta_Ads,US-EAST
evt_111,u_66,cmp_1,2025-12-09 20:47:20.893979,Meta_Ads,US-EAST
evt_112,u_449,cmp_2,2025-12-09 21:50:26.893987,Meta_Ads,US-EAST
evt_113,u_18,cmp_2,2025-12-09 23:10:07.893994,Meta_Ads,US-EAST
evt_114,u_443,cmp_3,2025-12-09 20:51:16.894002,Meta_Ads,US-EAST
evt_115,u_426,cmp_3,2025-12-09 22:41:45.894010,Meta_Ads,US-EAST
evt_116,u_233,cmp_2,2025-12-09 21:21:33.894018,Meta_Ads,US-EAST
evt_117,u_7,cmp_2,2025-12-09 21:45:08.894025,Meta_Ads,US-EAST
evt_118,u_326,cmp_3,2025-12-09 22:11:13.894033,Meta_Ads,US-EAST
evt_119,u_320,cmp_3,2025-12-09 22:43:50.894041,Meta_Ads,US-EAST
evt_120,u_437,cmp_1,2025-12-09 22:44:36.894049,Meta_Ads,US-EAST
evt_121,u_129,cmp_3,2025-12-09 20:47:46.894058,Meta_Ads,US-EAST
evt_122,u_286,cmp_2,2025-12-09 23:15:58.894066,Meta_Ads,US-EAST
evt_123,u_442,cmp_5,2025-12-09 21:05:11.894073,Meta_Ads,US-EAST
evt_124,u_43,cmp_2,2025-12-09 21:38:59.894080,Meta_Ads,US-EAST
evt_125,u_75,cmp_3,2025-12-09 23:25:47.894088,Meta_Ads,US-EAST
evt_126,u_405,cmp_4,2025-12-09 22:45:23.894095,Meta_Ads,US-EAST
evt_127,u_417,cmp_4,2025-12-09 21:08:53.894106,Meta_Ads,US-EAST
evt_128,u_261,cmp_2,2025-12-09 21:09:57.894114,Meta_Ads,US-EAST
evt_129,u_355,cmp_5,2025-12-09 22:48:01.894121,Meta_Ads,US-EAST
evt_130,u_193,cmp_3,2025-12-09 23:22:12.894367,Meta_Ads,US-EAST
evt_131,u_78,cmp_3,2025-12-09 22:00:33.894386,Meta_Ads,US-EAST
evt_132,u_58,cmp_4,2025-12-09 22:19:39.894396,Meta_Ads,US-EAST
evt_133,u_273,cmp_2,2025-12-09 22:01:34.894404,Meta_Ads,US-EAST
evt_134,u_142,cmp_3,2025-12-09 22:13:52.894413,Meta_Ads,US-EAST
evt_135,u_379,cmp_3,2025-12-09 22:22:40.894421,Meta_Ads,US-EAST
evt_136,u_67,cmp_4,2025-12-09 23:21:13.894429,Meta_Ads,US-EAST
evt_137,u_400,cmp_5,2025-12-09 23:05:59.894436,Meta_Ads,US-EAST
evt_138,u_407,cmp_1,2025-12-09 21:55:03.894444,Meta_Ads,US-EAST
evt_139,u_35,cmp_3,2025-12-09 22:16:31.894453,Meta_Ads,US-EAST
evt_140,u_385,cmp_4,2025-12-09 23:08:26.894461,Meta_Ads,US-EAST
evt_141,u_87,cmp_5,2025-12-09 21:18:31.894468,Meta_Ads,US-EAST
evt_142,u_42,cmp_3,2025-12-09 21:21:39.894476,Meta_Ads,US-EAST
evt_143,u_12,cmp_2,2025-12-09 22:06:40.894484,Meta_Ads,US-EAST
evt_144,u_248,cmp_3,2025-12-09 21:17:32.894492,Meta_Ads,US-EAST
evt_145,u_148,cmp_2,2025-12-09 22:06:45.894499,Meta_Ads,US-EAST
evt_146,u_460,cmp_3,2025-12-09 22:23:33.894508,Meta_Ads,US-EAST
evt_147,u_281,cmp_5,2025-12-09 23:09:21.894516,Meta_Ads,US-EAST
evt_148,u_23,cmp_5,2025-12-09 22:31:47.894524,Meta_Ads,US-EAST
evt_149,u_268,cmp_4,2025-12-09 20:53:56.894532,Meta_Ads,US-EAST
evt_150,u_110,cmp_5,2025-12-09 21:15:47.894539,Meta_Ads,US-EAST
evt_151,u_231,cmp_5,2025-12-09 20:48:40.894546,Meta_Ads,US-EAST
evt_152,u_379,cmp_2,2025-12-09 22:31:28.894552,Meta_Ads,US-EAST
evt_153,u_114,cmp_5,2025-12-09 20:53:56.894559,Meta_Ads,US-EAST
evt_154,u_71,cmp_3,2025-12-09 21:03:29.894566,Meta_Ads,US-EAST
evt_155,u_418,cmp_4,2025-12-09 21:24:07.894573,Meta_Ads,US-EAST
evt_156,u_297,cmp_1,2025-12-09 21:02:10.894580,Meta_Ads,US-EAST
evt_157,u_459,cmp_3,2025-12-09 22:36:39.894587,Meta_Ads,US-EAST
evt_158,u_400,cmp_4,2025-12-09 22:34:31.894594,Meta_Ads,US-EAST
evt_159,u_45,cmp_4,2025-12-09 22:18:52.894601,Meta_Ads,US-EAST
evt_160,u_157,cmp_5,2025-12-09 22:36:50.894608,Meta_Ads,US-EAST
evt_161,u_38,cmp_5,2025-12-09 22:59:02.894615,Meta_Ads,US-EAST
evt_162,u_133,cmp_4,2025-12-09 23:25:44.894622,Meta_Ads,US-EAST
evt_163,u_407,cmp_3,2025-12-09 21:08:08.894629,Meta_Ads,US-EAST
evt_164,u_119,cmp_1,2025-12-09 21:12:32.894637,Meta_Ads,US-EAST
evt_165,u_345,cmp_2,2025-12-09 22:26:29.894645,Meta_Ads,US-EAST
evt_166,u_259,cmp_5,2025-12-09 21:10:11.894653,Meta_Ads,US-EAST
evt_167,u_219,cmp_1,2025-12-09 23:18:18.894661,Meta_Ads,US-EAST
evt_168,u_319,cmp_2,2025-12-09 21:34:57.894670,Meta_Ads,US-EAST
evt_169,u_254,cmp_5,2025-12-09 21:15:09.894678,Meta_Ads,US-EAST
evt_170,u_418,cmp_4,2025-12-09 21:37:28.894685,Meta_Ads,US-EAST
evt_171,u_430,cmp_5,2025-12-09 21:50:13.894694,Meta_Ads,US-EAST
evt_172,u_333,cmp_2,2025-12-09 22:42:45.894701,Meta_Ads,US-EAST
evt_173,u_391,cmp_5,2025-12-09 21:39:01.894708,Meta_Ads,US-EAST
evt_174,u_438,cmp_4,2025-12-09 21:07:28.894716,Meta_Ads,US-EAST
evt_175,u_199,cmp_1,2025-12-09 21:45:42.894724,Meta_Ads,US-EAST
evt_176,u_321,cmp_2,2025-12-09 22:23:47.894732,Meta_Ads,US-EAST
evt_177,u_270,cmp_5,2025-12-09 22:20:29.894739,Meta_Ads,US-EAST
evt_178,u_67,cmp_3,2025-12-09 21:24:00.894747,Meta_Ads,US-EAST
evt_179,u_148,cmp_3,2025-12-09 22:20:03.894755,Meta_Ads,US-EAST
evt_180,u_61,cmp_5,2025-12-09 23:15:17.894763,Meta_Ads,US-EAST
evt_181,u_100,cmp_4,2025-12-09 23:29:20.894771,Meta_Ads,US-EAST
evt_182,u_275,cmp_3,2025-12-09 23:01:49.894779,Meta_Ads,US-EAST
evt_183,u_124,cmp_4,2025-12-09 23:28:30.894788,Meta_Ads,US-EAST
evt_184,u_364,cmp_1,2025-12-09 22:13:10.894795,Meta_Ads,US-EAST
evt_185,u_220,cmp_3,2025-12-09 21:37:21.894803,Meta_Ads,US-EAST
evt_186,u_394,cmp_5,2025-12-09 21:56:25.894811,Meta_Ads,US-EAST
evt_187,u_342,cmp_4,2025-12-09 23:05:31.894819,Meta_Ads,US-EAST
evt_188,u_16,cmp_4,2025-12-09 20:50:17.894826,Meta_Ads,US-EAST
evt_189,u_332,cmp_4,2025-12-09 22:55:00.894835,Meta_Ads,US-EAST
evt_190,u_456,cmp_3,2025-12-09 23:26:24.894844,Meta_Ads,US-EAST
evt_191,u_415,cmp_4,2025-12-09 20:55:03.894853,Meta_Ads,US-EAST
evt_192,u_35,cmp_4,2025-12-09 21:55:48.894862,Meta_Ads,US-EAST
evt_193,u_223,cmp_2,2025-12-09 23:23:33.894870,Meta_Ads,US-EAST
evt_194,u_345,cmp_4,2025-12-09 23:13:03.894878,Meta_Ads,US-EAST
evt_195,u_184,cmp_5,2025-12-09 21:23:40.894885,Meta_Ads,US-EAST
evt_196,u_259,cmp_4,2025-12-09 23:00:38.894892,Meta_Ads,US-EAST
evt_197,u_151,cmp_4,2025-12-09 21:13:27.894900,Meta_Ads,US-EAST
evt_198,u_160,cmp_1,2025-12-09 22:13:03.894908,Meta_Ads,US-EAST
evt_199,u_102,cmp_2,2025-12-09 22:44:51.894916,Meta_Ads,US-EAST
evt_200,u_205,cmp_2,2025-12-09 22:40:16.894924,Meta_Ads,US-EAST
evt_201,u_424,cmp_5,2025-12-09 21:25:39.894933,Meta_Ads,US-EAST
evt_202,u_302,cmp_4,2025-12-09 21:28:21.894941,Meta_Ads,US-EAST
evt_203,u_363,cmp_5,2025-12-09 21:28:32.894949,Meta_Ads,US-EAST
evt_204,u_482,cmp_2,2025-12-09 23:24:41.894958,Meta_Ads,US-EAST
evt_205,u_320,cmp_4,2025-12-09 21:25:26.894966,Meta_Ads,US-EAST
evt_206,u_297,cmp_3,2025-12-09 22:45:44.894974,Meta_Ads,US-EAST
evt_207,u_339,cmp_5,2025-12-09 23:24:59.894982,Meta_Ads,US-EAST
evt_208,u_321,cmp_2,2025-12-09 21:00:31.894989,Meta_Ads,US-EAST
evt_209,u_329,cmp_2,2025-12-09 22:42:42.894997,Meta_Ads,US-EAST
evt_210,u_341,cmp_4,2025-12-09 20:46:33.895005,Meta_Ads,US-EAST
evt_211,u_263,cmp_3,2025-12-09 22:12:25.895013,Meta_Ads,US-EAST
evt_212,u_404,cmp_3,2025-12-09 22:47:09.895021,Meta_Ads,US-EAST
evt_213,u_144,cmp_1,2025-12-09 22:05:56.895029,Meta_Ads,US-EAST
evt_214,u_158,cmp_4,2025-12-09 21:46:20.895038,Meta_Ads,US-EAST
evt_215,u_457,cmp_3,2025-12-09 22:17:17.895046,Meta_Ads,US-EAST
evt_216,u_177,cmp_3,2025-12-09 21:51:57.895055,Meta_Ads,US-EAST
evt_217,u_59,cmp_4,2025-12-09 22:15:38.895063,Meta_Ads,US-EAST
evt_218,u_182,cmp_3,2025-12-09 21:51:58.895070,Meta_Ads,US-EAST
evt_219,u_480,cmp_5,2025-12-09 22:00:33.895079,Meta_Ads,US-EAST
evt_220,u_336,cmp_1,2025-12-09 22:55:06.895087,Meta_Ads,US-EAST
evt_221,u_212,cmp_5,2025-12-09 23:26:09.895094,Meta_Ads,US-EAST
evt_222,u_464,cmp_1,2025-12-09 21:03:02.895102,Meta_Ads,US-EAST
evt_223,u_446,cmp_2,2025-12-09 21:03:04.895110,Meta_Ads,US-EAST
evt_224,u_469,cmp_2,2025-12-09 22:14:14.895118,Meta_Ads,US-EAST
evt_225,u_19,cmp_3,2025-12-09 23:08:56.895127,Meta_Ads,US-EAST
evt_226,u_102,cmp_3,2025-12-09 22:50:58.895137,Meta_Ads,US-EAST
evt_227,u_177,cmp_2,2025-12-09 22:39:36.895145,Meta_Ads,US-EAST
evt_228,u_35,cmp_4,2025-12-09 22:37:00.895569,Meta_Ads,US-EAST
evt_229,u_308,cmp_4,2025-12-09 21:26:42.895583,Meta_Ads,US-EAST
evt_230,u_75,cmp_4,2025-12-09 22:09:15.895592,Meta_Ads,US-EAST
evt_231,u_310,cmp_4,2025-12-09 21:42:07.895600,Meta_Ads,US-EAST
evt_232,u_165,cmp_4,2025-12-09 20:55:28.895608,Meta_Ads,US-EAST
evt_233,u_161,cmp_2,2025-12-09 22:22:13.895616,Meta_Ads,US-EAST
evt_234,u_308,cmp_3,2025-12-09 22:40:22.895623,Meta_Ads,US-EAST
evt_235,u_483,cmp_1,2025-12-09 21:21:05.895631,Meta_Ads,US-EAST
evt_236,u_150,cmp_5,2025-12-09 22:28:14.895638,Meta_Ads,US-EAST
evt_237,u_361,cmp_3,2025-12-09 22:07:59.895645,Meta_Ads,US-EAST
evt_238,u_292,cmp_4,2025-12-09 21:18:04.895652,Meta_Ads,US-EAST
evt_239,u_155,cmp_4,2025-12-09 22:09:36.895660,Meta_Ads,US-EAST
evt_240,u_188,cmp_5,2025-12-09 21:58:21.895667,Meta_Ads,US-EAST
evt_241,u_34,cmp_1,2025-12-09 21:17:16.895675,Meta_Ads,US-EAST
evt_242,u_460,cmp_3,2025-12-09 22:15:05.895683,Meta_Ads,US-EAST
evt_243,u_90,cmp_5,2025-12-09 23:22:19.895690,Meta_Ads,US-EAST
evt_244,u_127,cmp_1,2025-12-09 22:45:29.895697,Meta_Ads,US-EAST
evt_245,u_221,cmp_4,2025-12-09 20:49:05.895704,Meta_Ads,US-EAST
evt_246,u_152,cmp_2,2025-12-09 21:16:51.895711,Meta_Ads,US-EAST
evt_247,u_379,cmp_2,2025-12-09 22:20:12.895718,Meta_Ads,US-EAST
evt_248,u_49,cmp_2,2025-12-09 21:15:16.895725,Meta_Ads,US-EAST
evt_249,u_225,cmp_1,2025-12-09 21:05:28.895733,Meta_Ads,US-EAST
evt_250,u_335,cmp_1,2025-12-09 21:14:59.895740,Meta_Ads,US-EAST
evt_251,u_316,cmp_1,2025-12-09 22:27:49.895746,Meta_Ads,US-EAST
evt_252,u_350,cmp_4,2025-12-09 22:33:10.895753,Meta_Ads,US-EAST
evt_253,u_149,cmp_2,2025-12-09 20:52:52.895760,Meta_Ads,US-EAST
evt_254,u_347,cmp_3,2025-12-09 21:14:09.895767,Meta_Ads,US-EAST
evt_255,u_448,cmp_5,2025-12-09 21:10:47.895774,Meta_Ads,US-EAST
evt_256,u_498,cmp_4,2025-12-09 22:55:29.895780,Meta_Ads,US-EAST
evt_257,u_73,cmp_1,2025-12-09 22:50:22.895787,Meta_Ads,US-EAST
evt_258,u_321,cmp_4,2025-12-09 22:56:03.895963,Meta_Ads,US-EAST
evt_259,u_430,cmp_5,2025-12-09 22:19:57.895978,Meta_Ads,US-EAST
evt_260,u_175,cmp_4,2025-12-09 21:38:51.895989,Meta_Ads,US-EAST
evt_261,u_314,cmp_2,2025-12-09 22:57:58.895997,Meta_Ads,US-EAST
evt_262,u_250,cmp_5,2025-12-09 21:46:04.896004,Meta_Ads,US-EAST
evt_263,u_72,cmp_2,2025-12-09 23:24:21.896011,Meta_Ads,US-EAST
evt_264,u_377,cmp_4,2025-12-09 22:11:38.896018,Meta_Ads,US-EAST
evt_265,u_103,cmp_1,2025-12-09 21:47:41.896025,Meta_Ads,US-EAST
evt_266,u_305,cmp_4,2025-12-09 22:12:30.896032,Meta_Ads,US-EAST
evt_267,u_150,cmp_2,2025-12-09 20:50:46.896039,Meta_Ads,US-EAST
evt_268,u_50,cmp_5,2025-12-09 21:18:59.896046,Meta_Ads,US-EAST
evt_269,u_168,cmp_2,2025-12-09 21:52:01.896053,Meta_Ads,US-EAST
evt_270,u_341,cmp_3,2025-12-09 22:45:41.896060,Meta_Ads,US-EAST
evt_271,u_169,cmp_5,2025-12-09 23:22:01.896067,Meta_Ads,US-EAST
evt_272,u_480,cmp_4,2025-12-09 21:10:51.896073,Meta_Ads,US-EAST
evt_273,u_38,cmp_3,2025-12-09 23:27:34.896080,Meta_Ads,US-EAST
evt_274,u_64,cmp_3,2025-12-09 22:54:38.896087,Meta_Ads,US-EAST
evt_275,u_322,cmp_1,2025-12-09 21:41:19.896094,Meta_Ads,US-EAST
evt_276,u_404,cmp_3,2025-12-09 22:16:08.896101,Meta_Ads,US-EAST
evt_277,u_454,cmp_3,2025-12-09 22:20:35.896107,Meta_Ads,US-EAST
evt_278,u_84,cmp_1,2025-12-09 21:50:57.896114,Meta_Ads,US-EAST
evt_279,u_28,cmp_4,2025-12-09 21:23:56.896121,Meta_Ads,US-EAST
evt_280,u_23,cmp_4,2025-12-09 20:53:10.896129,Meta_Ads,US-EAST
evt_281,u_251,cmp_5,2025-12-09 22:07:40.896136,Meta_Ads,US-EAST
evt_282,u_481,cmp_2,2025-12-09 23:13:16.896143,Meta_Ads,US-EAST
evt_283,u_69,cmp_1,2025-12-09 22:16:16.896150,Meta_Ads,US-EAST
evt_284,u_22,cmp_3,2025-12-09 22:49:38.896158,Meta_Ads,US-EAST
evt_285,u_371,cmp_2,2025-12-09 22:10:02.896164,Meta_Ads,US-EAST
evt_286,u_336,cmp_4,2025-12-09 22:25:59.896171,Meta_Ads,US-EAST
evt_287,u_492,cmp_2,2025-12-09 23:05:04.896178,Meta_Ads,US-EAST
evt_288,u_283,cmp_5,2025-12-09 22:16:37.896185,Meta_Ads,US-EAST
evt_289,u_73,cmp_3,2025-12-09 22:36:56.896193,Meta_Ads,US-EAST
evt_290,u_7,cmp_2,2025-12-09 22:33:31.896200,Meta_Ads,US-EAST
evt_291,u_171,cmp_5,2025-12-09 22:17:02.896207,Meta_Ads,US-EAST
evt_292,u_108,cmp_3,2025-12-09 21:52:43.896214,Meta_Ads,US-EAST
evt_293,u_345,cmp_3,2025-12-09 21:51:17.896222,Meta_Ads,US-EAST
evt_294,u_178,cmp_4,2025-12-09 22:28:25.897275,Meta_Ads,US-EAST
evt_295,u_301,cmp_2,2025-12-09 22:02:06.897290,Meta_Ads,US-EAST
evt_296,u_365,cmp_1,2025-12-09 21:50:08.897298,Meta_Ads,US-EAST
evt_297,u_282,cmp_5,2025-12-09 22:49:10.897306,Meta_Ads,US-EAST
evt_298,u_481,cmp_1,2025-12-09 21:13:53.897314,Meta_Ads,US-EAST
evt_299,u_422,cmp_3,2025-12-09 21:29:15.897322,Meta_Ads,US-EAST
evt_300,u_182,cmp_5,2025-12-09 22:00:34.897330,Meta_Ads,US-EAST
evt_301,u_36,cmp_1,2025-12-09 23:12:08.897338,Meta_Ads,US-EAST
evt_302,u_271,cmp_5,2025-12-09 21:20:22.897346,Meta_Ads,US-EAST
evt_303,u_151,cmp_5,2025-12-09 23:14:04.897355,Meta_Ads,US-EAST
evt_304,u_446,cmp_4,2025-12-09 20:50:15.897363,Meta_Ads,US-EAST
evt_305,u_272,cmp_1,2025-12-09 20:49:26.897371,Meta_Ads,US-EAST
evt_306,u_67,cmp_3,2025-12-09 22:35:24.897378,Meta_Ads,US-EAST
evt_307,u_204,cmp_1,2025-12-09 21:58:04.897386,Meta_Ads,US-EAST
evt_308,u_170,cmp_5,2025-12-09 22:19:37.897394,Meta_Ads,US-EAST
evt_309,u_6,cmp_1,2025-12-09 22:56:01.897402,Meta_Ads,US-EAST
evt_310,u_132,cmp_4,2025-12-09 22:29:04.897411,Meta_Ads,US-EAST
evt_311,u_377,cmp_2,2025-12-09 21:27:01.897419,Meta_Ads,US-EAST
evt_312,u_189,cmp_3,2025-12-09 23:18:46.897427,Meta_Ads,US-EAST
evt_313,u_23,cmp_2,2025-12-09 22:28:25.897434,Meta_Ads,US-EAST
evt_314,u_441,cmp_1,2025-12-09 23:26:07.897442,Meta_Ads,US-EAST
evt_315,u_135,cmp_5,2025-12-09 22:25:20.897450,Meta_Ads,US-EAST
evt_316,u_335,cmp_5,2025-12-09 22:01:49.897458,Meta_Ads,US-EAST
evt_317,u_488,cmp_5,2025-12-09 23:04:31.897465,Meta_Ads,US-EAST
evt_318,u_442,cmp_4,2025-12-09 20:52:12.897473,Meta_Ads,US-EAST
evt_319,u_333,cmp_3,2025-12-09 22:09:47.897481,Meta_Ads,US-EAST
evt_320,u_334,cmp_3,2025-12-09 21:12:16.897489,Meta_Ads,US-EAST
evt_321,u_16,cmp_3,2025-12-09 21:52:08.897496,Meta_Ads,US-EAST
evt_322,u_3,cmp_3,2025-12-09 22:27:00.897504,Meta_Ads,US-EAST
evt_323,u_129,cmp_2,2025-12-09 23:08:11.897512,Meta_Ads,US-EAST
evt_324,u_76,cmp_1,2025-12-09 23:11:18.897521,Meta_Ads,US-EAST
evt_325,u_436,cmp_2,2025-12-09 21:36:38.897529,Meta_Ads,US-EAST
evt_326,u_396,cmp_5,2025-12-09 22:37:54.897538,Meta_Ads,US-EAST
evt_327,u_467,cmp_5,2025-12-09 20:59:46.897546,Meta_Ads,US-EAST
evt_328,u_304,cmp_1,2025-12-09 23:23:32.897555,Meta_Ads,US-EAST
evt_329,u_408,cmp_3,2025-12-09 21:40:52.897563,Meta_Ads,US-EAST
evt_330,u_313,cmp_2,2025-12-09 21:18:18.897572,Meta_Ads,US-EAST
evt_331,u_308,cmp_3,2025-12-09 23:25:10.897580,Meta_Ads,US-EAST
evt_332,u_272,cmp_4,2025-12-09 21:38:32.897588,Meta_Ads,US-EAST
evt_333,u_311,cmp_4,2025-12-09 21:32:30.897598,Meta_Ads,US-EAST
evt_334,u_209,cmp_4,2025-12-09 22:24:07.897607,Meta_Ads,US-EAST
evt_335,u_246,cmp_5,2025-12-09 23:28:19.897616,Meta_Ads,US-EAST
evt_336,u_479,cmp_4,2025-12-09 23:12:11.897624,Meta_Ads,US-EAST
evt_337,u_426,cmp_5,2025-12-09 22:55:04.897633,Meta_Ads,US-EAST
evt_338,u_163,cmp_2,2025-12-09 21:03:40.897642,Meta_Ads,US-EAST
evt_339,u_134,cmp_2,2025-12-09 22:58:19.897650,Meta_Ads,US-EAST
evt_340,u_23,cmp_4,2025-12-09 22:50:05.897659,Meta_Ads,US-EAST
evt_341,u_475,cmp_5,2025-12-09 22:35:32.897667,Meta_Ads,US-EAST
evt_342,u_37,cmp_3,2025-12-09 23:17:16.897676,Meta_Ads,US-EAST
evt_343,u_324,cmp_2,2025-12-09 23:25:31.897685,Meta_Ads,US-EAST
evt_344,u_16,cmp_3,2025-12-09 22:38:01.897694,Meta_Ads,US-EAST
evt_345,u_4,cmp_3,2025-12-09 22:26:44.897701,Meta_Ads,US-EAST
evt_346,u_441,cmp_2,2025-12-09 23:23:02.897710,Meta_Ads,US-EAST
evt_347,u_95,cmp_3,2025-12-09 21:26:33.897720,Meta_Ads,US-EAST
evt_348,u_283,cmp_5,2025-12-09 21:10:51.897729,Meta_Ads,US-EAST
evt_349,u_282,cmp_3,2025-12-09 20:50:43.897737,Meta_Ads,US-EAST
evt_350,u_274,cmp_1,2025-12-09 21:13:05.897747,Meta_Ads,US-EAST
evt_351,u_452,cmp_5,2025-12-09 23:17:41.897756,Meta_Ads,US-EAST
evt_352,u_481,cmp_5,2025-12-09 22:28:29.897765,Meta_Ads,US-EAST
evt_353,u_186,cmp_1,2025-12-09 21:18:43.897774,Meta_Ads,US-EAST
evt_354,u_278,cmp_3,2025-12-09 22:22:41.897783,Meta_Ads,US-EAST
evt_355,u_176,cmp_2,2025-12-09 20:49:33.897792,Meta_Ads,US-EAST
evt_356,u_495,cmp_3,2025-12-09 21:10:59.897801,Meta_Ads,US-EAST
evt_357,u_287,cmp_4,2025-12-09 22:16:36.897809,Meta_Ads,US-EAST
evt_358,u_255,cmp_2,2025-12-09 22:38:21.897819,Meta_Ads,US-EAST
evt_359,u_289,cmp_1,2025-12-09 22:54:19.897828,Meta_Ads,US-EAST
evt_360,u_51,cmp_3,2025-12-09 21:37:04.897836,Meta_Ads,US-EAST
evt_361,u_360,cmp_3,2025-12-09 22:04:24.897844,Meta_Ads,US-EAST
evt_362,u_365,cmp_5,2025-12-09 22:03:12.897853,Meta_Ads,US-EAST
evt_363,u_415,cmp_2,2025-12-09 21:27:21.897862,Meta_Ads,US-EAST
evt_364,u_178,cmp_3,2025-12-09 22:00:10.897871,Meta_Ads,US-EAST
evt_365,u_363,cmp_2,2025-12-09 22:33:14.897881,Meta_Ads,US-EAST
evt_366,u_299,cmp_2,2025-12-09 21:15:58.897890,Meta_Ads,US-EAST
evt_367,u_472,cmp_1,2025-12-09 23:04:50.897898,Meta_Ads,US-EAST
evt_368,u_235,cmp_5,2025-12-09 23:10:17.897907,Meta_Ads,US-EAST
evt_369,u_399,cmp_1,2025-12-09 22:12:43.897917,Meta_Ads,US-EAST
evt_370,u_123,cmp_3,2025-12-09 21:54:17.897926,Meta_Ads,US-EAST
evt_371,u_326,cmp_1,2025-12-09 22:42:34.897935,Meta_Ads,US-EAST
evt_372,u_465,cmp_3,2025-12-09 21:58:48.897943,Meta_Ads,US-EAST
evt_373,u_230,cmp_4,2025-12-09 21:41:06.897953,Meta_Ads,US-EAST
evt_374,u_480,cmp_4,2025-12-09 23:12:25.897962,Meta_Ads,US-EAST
evt_375,u_76,cmp_4,2025-12-09 21:51:23.897971,Meta_Ads,US-EAST
evt_376,u_180,cmp_4,2025-12-09 22:14:52.897980,Meta_Ads,US-EAST
evt_377,u_129,cmp_3,2025-12-09 22:04:32.897989,Meta_Ads,US-EAST
evt_378,u_431,cmp_5,2025-12-09 22:39:18.897999,Meta_Ads,US-EAST
evt_379,u_280,cmp_3,2025-12-09 21:40:34.898008,Meta_Ads,US-EAST
evt_380,u_228,cmp_4,2025-12-09 23:20:56.898017,Meta_Ads,US-EAST
evt_381,u_189,cmp_2,2025-12-09 23:02:03.898026,Meta_Ads,US-EAST
evt_382,u_431,cmp_3,2025-12-09 21:03:10.898036,Meta_Ads,US-EAST
evt_383,u_220,cmp_4,2025-12-09 22:18:51.898046,Meta_Ads,US-EAST
evt_384,u_142,cmp_1,2025-12-09 22:23:47.898055,Meta_Ads,US-EAST
evt_385,u_149,cmp_5,2025-12-09 20:52:48.898062,Meta_Ads,US-EAST
evt_386,u_232,cmp_3,2025-12-09 20:46:32.898551,Meta_Ads,US-EAST
evt_387,u_450,cmp_5,2025-12-09 22:50:24.898575,Meta_Ads,US-EAST
evt_388,u_90,cmp_1,2025-12-09 21:32:34.898586,Meta_Ads,US-EAST
evt_389,u_200,cmp_1,2025-12-09 22:21:11.898597,Meta_Ads,US-EAST
evt_390,u_317,cmp_4,2025-12-09 21:55:19.898606,Meta_Ads,US-EAST
evt_391,u_431,cmp_3,2025-12-09 22:05:14.898614,Meta_Ads,US-EAST
evt_392,u_238,cmp_5,2025-12-09 21:36:16.898622,Meta_Ads,US-EAST
evt_393,u_113,cmp_3,2025-12-09 22:46:30.898629,Meta_Ads,US-EAST
evt_394,u_476,cmp_2,2025-12-09 22:29:04.898637,Meta_Ads,US-EAST
evt_395,u_287,cmp_4,2025-12-09 22:50:34.898644,Meta_Ads,US-EAST
evt_396,u_479,cmp_1,2025-12-09 22:53:14.898652,Meta_Ads,US-EAST
evt_397,u_21,cmp_1,2025-12-09 22:59:01.898659,Meta_Ads,US-EAST
evt_398,u_137,cmp_3,2025-12-09 23:14:33.898667,Meta_Ads,US-EAST
evt_399,u_313,cmp_4,2025-12-09 22:07:42.898675,Meta_Ads,US-EAST
evt_400,u_283,cmp_4,2025-12-09 21:16:10.898683,Meta_Ads,US-EAST
evt_401,u_171,cmp_4,2025-12-09 21:22:55.898691,Meta_Ads,US-EAST
evt_402,u_258,cmp_1,2025-12-09 22:55:28.898698,Meta_Ads,US-EAST
evt_403,u_314,cmp_3,2025-12-09 21:12:17.898707,Meta_Ads,US-EAST
evt_404,u_77,cmp_3,2025-12-09 22:01:57.898714,Meta_Ads,US-EAST
evt_405,u_366,cmp_5,2025-12-09 23:19:38.898723,Meta_Ads,US-EAST
evt_406,u_114,cmp_2,2025-12-09 20:48:20.898732,Meta_Ads,US-EAST
evt_407,u_59,cmp_5,2025-12-09 20:48:24.898740,Meta_Ads,US-EAST
evt_408,u_431,cmp_5,2025-12-09 22:21:56.898749,Meta_Ads,US-EAST
evt_409,u_368,cmp_4,2025-12-09 20:55:57.898757,Meta_Ads,US-EAST
evt_410,u_500,cmp_3,2025-12-09 23:16:33.898763,Meta_Ads,US-EAST
evt_411,u_148,cmp_3,2025-12-09 21:07:00.898770,Meta_Ads,US-EAST
evt_412,u_328,cmp_2,2025-12-09 23:26:16.898778,Meta_Ads,US-EAST
evt_413,u_421,cmp_5,2025-12-09 22:24:23.898787,Meta_Ads,US-EAST
evt_414,u_53,cmp_3,2025-12-09 21:07:48.898796,Meta_Ads,US-EAST
evt_415,u_58,cmp_5,2025-12-09 21:58:21.898805,Meta_Ads,US-EAST
evt_416,u_377,cmp_5,2025-12-09 21:30:21.898814,Meta_Ads,US-EAST
evt_417,u_272,cmp_3,2025-12-09 20:50:36.898823,Meta_Ads,US-EAST
evt_418,u_432,cmp_3,2025-12-09 21:02:20.898830,Meta_Ads,US-EAST
evt_419,u_154,cmp_3,2025-12-09 21:33:29.898838,Meta_Ads,US-EAST
evt_420,u_346,cmp_3,2025-12-09 23:18:49.898846,Meta_Ads,US-EAST
evt_421,u_500,cmp_1,2025-12-09 22:11:16.898855,Meta_Ads,US-EAST
evt_422,u_147,cmp_3,2025-12-09 21:23:11.898864,Meta_Ads,US-EAST
evt_423,u_331,cmp_1,2025-12-09 21:22:15.898872,Meta_Ads,US-EAST
evt_424,u_324,cmp_5,2025-12-09 21:47:44.898881,Meta_Ads,US-EAST
evt_425,u_26,cmp_4,2025-12-09 22:55:08.898890,Meta_Ads,US-EAST
evt_426,u_342,cmp_4,2025-12-09 21:05:16.898899,Meta_Ads,US-EAST
evt_427,u_442,cmp_4,2025-12-09 21:08:40.898908,Meta_Ads,US-EAST
evt_428,u_495,cmp_3,2025-12-09 20:59:36.898917,Meta_Ads,US-EAST
evt_429,u_419,cmp_5,2025-12-09 22:30:00.898925,Meta_Ads,US-EAST
evt_430,u_365,cmp_2,2025-12-09 22:49:54.898933,Meta_Ads,US-EAST
evt_431,u_469,cmp_3,2025-12-09 22:29:10.898942,Meta_Ads,US-EAST
evt_432,u_249,cmp_4,2025-12-09 23:01:18.898950,Meta_Ads,US-EAST
evt_433,u_80,cmp_4,2025-12-09 20:59:30.898959,Meta_Ads,US-EAST
evt_434,u_346,cmp_5,2025-12-09 21:01:56.898967,Meta_Ads,US-EAST
evt_435,u_404,cmp_5,2025-12-09 21:03:34.898976,Meta_Ads,US-EAST
evt_436,u_390,cmp_2,2025-12-09 21:15:46.898985,Meta_Ads,US-EAST
evt_437,u_372,cmp_3,2025-12-09 22:29:24.898994,Meta_Ads,US-EAST
evt_438,u_417,cmp_2,2025-12-09 22:37:42.899004,Meta_Ads,US-EAST
evt_439,u_126,cmp_4,2025-12-09 22:04:06.899014,Meta_Ads,US-EAST
evt_440,u_4,cmp_5,2025-12-09 23:18:35.899024,Meta_Ads,US-EAST
evt_441,u_253,cmp_2,2025-12-09 22:24:37.899032,Meta_Ads,US-EAST
evt_442,u_213,cmp_4,2025-12-09 21:33:38.899040,Meta_Ads,US-EAST
evt_443,u_191,cmp_3,2025-12-09 20:56:22.899048,Meta_Ads,US-EAST
evt_444,u_93,cmp_5,2025-12-09 22:05:35.899057,Meta_Ads,US-EAST
evt_445,u_357,cmp_2,2025-12-09 23:05:35.899065,Meta_Ads,US-EAST
evt_446,u_41,cmp_3,2025-12-09 20:52:20.899072,Meta_Ads,US-EAST
evt_447,u_149,cmp_2,2025-12-09 22:58:37.899080,Meta_Ads,US-EAST
evt_448,u_115,cmp_3,2025-12-09 23:14:37.899088,Meta_Ads,US-EAST
evt_449,u_272,cmp_2,2025-12-09 23:28:30.899097,Meta_Ads,US-EAST
evt_450,u_302,cmp_1,2025-12-09 20:47:05.899106,Meta_Ads,US-EAST
evt_451,u_317,cmp_3,2025-12-09 22:45:59.899115,Meta_Ads,US-EAST
evt_452,u_179,cmp_4,2025-12-09 23:13:11.899124,Meta_Ads,US-EAST
evt_453,u_356,cmp_3,2025-12-09 21:07:44.899134,Meta_Ads,US-EAST
evt_454,u_123,cmp_4,2025-12-09 21:59:30.899142,Meta_Ads,US-EAST
evt_455,u_271,cmp_4,2025-12-09 21:32:15.899151,Meta_Ads,US-EAST
evt_456,u_173,cmp_5,2025-12-09 22:14:26.899160,Meta_Ads,US-EAST
evt_457,u_332,cmp_4,2025-12-09 23:24:38.899167,Meta_Ads,US-EAST
evt_458,u_72,cmp_3,2025-12-09 23:10:09.899176,Meta_Ads,US-EAST
evt_459,u_454,cmp_2,2025-12-09 23:02:51.899185,Meta_Ads,US-EAST
evt_460,u_162,cmp_4,2025-12-09 22:25:39.899194,Meta_Ads,US-EAST
evt_461,u_477,cmp_2,2025-12-09 22:43:14.899202,Meta_Ads,US-EAST
evt_462,u_179,cmp_4,2025-12-09 21:50:56.899210,Meta_Ads,US-EAST
evt_463,u_70,cmp_2,2025-12-09 21:42:15.899218,Meta_Ads,US-EAST
evt_464,u_428,cmp_4,2025-12-09 20:57:12.902582,Meta_Ads,US-EAST
evt_465,u_356,cmp_3,2025-12-09 22:47:02.902604,Meta_Ads,US-EAST
evt_466,u_208,cmp_5,2025-12-09 23:26:02.902615,Meta_Ads,US-EAST
evt_467,u_367,cmp_2,2025-12-09 22:49:58.902622,Meta_Ads,US-EAST
evt_468,u_499,cmp_2,2025-12-09 21:46:43.902630,Meta_Ads,US-EAST
evt_469,u_286,cmp_3,2025-12-09 22:04:15.902637,Meta_Ads,US-EAST
evt_470,u_351,cmp_2,2025-12-09 23:17:12.902644,Meta_Ads,US-EAST
evt_471,u_233,cmp_2,2025-12-09 22:48:00.902652,Meta_Ads,US-EAST
evt_472,u_269,cmp_5,2025-12-09 21:08:16.902659,Meta_Ads,US-EAST
evt_473,u_460,cmp_2,2025-12-09 22:09:15.902666,Meta_Ads,US-EAST
evt_474,u_15,cmp_2,2025-12-09 22:45:27.902673,Meta_Ads,US-EAST
evt_475,u_269,cmp_1,2025-12-09 22:18:57.902680,Meta_Ads,US-EAST
evt_476,u_248,cmp_4,2025-12-09 20:46:30.902687,Meta_Ads,US-EAST
evt_477,u_393,cmp_5,2025-12-09 21:30:57.902695,Meta_Ads,US-EAST
evt_478,u_304,cmp_4,2025-12-09 21:40:03.902702,Meta_Ads,US-EAST
evt_479,u_267,cmp_1,2025-12-09 23:01:18.902710,Meta_Ads,US-EAST
evt_480,u_124,cmp_5,2025-12-09 20:51:48.902717,Meta_Ads,US-EAST
evt_481,u_427,cmp_3,2025-12-09 21:12:23.902724,Meta_Ads,US-EAST
evt_482,u_494,cmp_4,2025-12-09 21:36:55.902731,Meta_Ads,US-EAST
evt_483,u_310,cmp_5,2025-12-09 22:41:06.902738,Meta_Ads,US-EAST
evt_484,u_449,cmp_4,2025-12-09 21:55:05.902745,Meta_Ads,US-EAST
evt_485,u_169,cmp_5,2025-12-09 23:13:05.902752,Meta_Ads,US-EAST
evt_486,u_129,cmp_2,2025-12-09 21:51:52.902761,Meta_Ads,US-EAST
evt_487,u_32,cmp_2,2025-12-09 21:07:38.902768,Meta_Ads,US-EAST
evt_488,u_177,cmp_4,2025-12-09 22:29:25.902774,Meta_Ads,US-EAST
evt_489,u_466,cmp_1,2025-12-09 23:02:13.902781,Meta_Ads,US-EAST
evt_490,u_17,cmp_5,2025-12-09 21:13:14.902788,Meta_Ads,US-EAST
evt_491,u_424,cmp_4,2025-12-09 23:11:26.902795,Meta_Ads,US-EAST
evt_492,u_70,cmp_4,2025-12-09 22:11:03.902802,Meta_Ads,US-EAST
evt_493,u_301,cmp_1,2025-12-09 20:56:07.902809,Meta_Ads,US-EAST
evt_494,u_452,cmp_4,2025-12-09 22:43:51.902816,Meta_Ads,US-EAST
evt_495,u_195,cmp_3,2025-12-09 20:48:58.902823,Meta_Ads,US-EAST
evt_496,u_247,cmp_5,2025-12-09 23:29:22.902832,Meta_Ads,US-EAST
evt_497,u_465,cmp_2,2025-12-09 23:14:50.902839,Meta_Ads,US-EAST
evt_498,u_365,cmp_5,2025-12-09 23:03:13.902847,Meta_Ads,US-EAST
evt_499,u_381,cmp_4,2025-12-09 21:02:43.902855,Meta_Ads,US-EAST
evt_500,u_469,cmp_2,2025-12-09 21:18:35.902862,Meta_Ads,US-EAST
evt_501,u_330,cmp_3,2025-12-09 22:24:30.902870,Meta_Ads,US-EAST
evt_502,u_179,cmp_2,2025-12-09 21:16:42.902879,Meta_Ads,US-EAST
evt_503,u_211,cmp_2,2025-12-09 21:37:46.902887,Meta_Ads,US-EAST
evt_504,u_264,cmp_2,2025-12-09 21:48:15.902893,Meta_Ads,US-EAST
evt_505,u_264,cmp_2,2025-12-09 21:40:51.902901,Meta_Ads,US-EAST
evt_506,u_57,cmp_2,2025-12-09 21:26:19.902909,Meta_Ads,US-EAST
evt_507,u_465,cmp_3,2025-12-09 22:26:54.902917,Meta_Ads,US-EAST
evt_508,u_301,cmp_2,2025-12-09 21:27:19.902926,Meta_Ads,US-EAST
evt_509,u_400,cmp_3,2025-12-09 22:43:36.902935,Meta_Ads,US-EAST
evt_510,u_382,cmp_1,2025-12-09 21:37:51.902943,Meta_Ads,US-EAST
evt_511,u_477,cmp_2,2025-12-09 22:43:18.902951,Meta_Ads,US-EAST
evt_512,u_212,cmp_3,2025-12-09 22:21:07.902960,Meta_Ads,US-EAST
evt_513,u_204,cmp_1,2025-12-09 21:11:44.902968,Meta_Ads,US-EAST
evt_514,u_482,cmp_5,2025-12-09 20:51:52.903038,Meta_Ads,US-EAST
evt_515,u_361,cmp_4,2025-12-09 22:47:40.903055,Meta_Ads,US-EAST
evt_516,u_263,cmp_2,2025-12-09 22:50:50.903065,Meta_Ads,US-EAST
evt_517,u_144,cmp_5,2025-12-09 23:27:50.903073,Meta_Ads,US-EAST
evt_518,u_81,cmp_1,2025-12-09 21:57:32.903080,Meta_Ads,US-EAST
evt_519,u_103,cmp_1,2025-12-09 21:00:24.903087,Meta_Ads,US-EAST
evt_520,u_494,cmp_2,2025-12-09 22:19:09.903094,Meta_Ads,US-EAST
evt_521,u_198,cmp_3,2025-12-09 21:44:44.903101,Meta_Ads,US-EAST
evt_522,u_390,cmp_2,2025-12-09 22:07:50.903108,Meta_Ads,US-EAST
evt_523,u_216,cmp_4,2025-12-09 22:12:15.903115,Meta_Ads,US-EAST
evt_524,u_112,cmp_4,2025-12-09 21:07:05.903123,Meta_Ads,US-EAST
evt_525,u_29,cmp_1,2025-12-09 23:26:16.903132,Meta_Ads,US-EAST
evt_526,u_105,cmp_4,2025-12-09 22:32:09.903141,Meta_Ads,US-EAST
evt_527,u_238,cmp_1,2025-12-09 21:15:12.903150,Meta_Ads,US-EAST
evt_528,u_434,cmp_3,2025-12-09 22:37:06.903160,Meta_Ads,US-EAST
evt_529,u_406,cmp_2,2025-12-09 23:20:56.903169,Meta_Ads,US-EAST
evt_530,u_448,cmp_1,2025-12-09 22:57:26.903178,Meta_Ads,US-EAST
evt_531,u_359,cmp_3,2025-12-09 21:19:44.903187,Meta_Ads,US-EAST
evt_532,u_81,cmp_3,2025-12-09 22:38:19.903196,Meta_Ads,US-EAST
evt_533,u_130,cmp_4,2025-12-09 23:28:40.903205,Meta_Ads,US-EAST
evt_534,u_252,cmp_4,2025-12-09 21:23:24.903214,Meta_Ads,US-EAST
evt_535,u_306,cmp_4,2025-12-09 23:01:03.903223,Meta_Ads,US-EAST
evt_536,u_210,cmp_2,2025-12-09 21:35:09.903253,Meta_Ads,US-EAST
evt_537,u_498,cmp_2,2025-12-09 23:00:48.903262,Meta_Ads,US-EAST
evt_538,u_411,cmp_3,2025-12-09 22:09:23.903272,Meta_Ads,US-EAST
evt_539,u_250,cmp_1,2025-12-09 20:55:21.903281,Meta_Ads,US-EAST
evt_540,u_486,cmp_4,2025-12-09 21:33:08.903290,Meta_Ads,US-EAST
evt_541,u_298,cmp_3,2025-12-09 21:38:29.903299,Meta_Ads,US-EAST
evt_542,u_455,cmp_1,2025-12-09 21:10:09.903308,Meta_Ads,US-EAST
evt_543,u_253,cmp_2,2025-12-09 22:15:07.903318,Meta_Ads,US-EAST
evt_544,u_111,cmp_1,2025-12-09 21:30:04.903327,Meta_Ads,US-EAST
evt_545,u_237,cmp_3,2025-12-09 22:09:40.903336,Meta_Ads,US-EAST
evt_546,u_136,cmp_2,2025-12-09 22:49:28.903345,Meta_Ads,US-EAST
evt_547,u_262,cmp_4,2025-12-09 21:51:06.903354,Meta_Ads,US-EAST
evt_548,u_45,cmp_2,2025-12-09 21:50:40.903363,Meta_Ads,US-EAST
evt_549,u_176,cmp_2,2025-12-09 23:21:43.903372,Meta_Ads,US-EAST
evt_550,u_235,cmp_3,2025-12-09 20:47:21.903381,Meta_Ads,US-EAST
evt_551,u_334,cmp_4,2025-12-09 22:19:27.903390,Meta_Ads,US-EAST
evt_552,u_449,cmp_4,2025-12-09 22:14:33.903399,Meta_Ads,US-EAST
evt_553,u_143,cmp_5,2025-12-09 22:52:37.903408,Meta_Ads,US-EAST
evt_554,u_303,cmp_4,2025-12-09 22:31:25.903417,Meta_Ads,US-EAST
evt_555,u_101,cmp_5,2025-12-09 22:55:23.903426,Meta_Ads,US-EAST
evt_556,u_108,cmp_5,2025-12-09 21:47:05.903435,Meta_Ads,US-EAST
evt_557,u_133,cmp_4,2025-12-09 23:08:02.903444,Meta_Ads,US-EAST
evt_558,u_49,cmp_4,2025-12-09 21:00:46.903453,Meta_Ads,US-EAST
evt_559,u_265,cmp_1,2025-12-09 22:39:56.903462,Meta_Ads,US-EAST
evt_560,u_290,cmp_3,2025-12-09 22:22:27.903472,Meta_Ads,US-EAST
evt_561,u_444,cmp_5,2025-12-09 23:01:23.903481,Meta_Ads,US-EAST
evt_562,u_372,cmp_1,2025-12-09 22:02:21.903490,Meta_Ads,US-EAST
evt_563,u_347,cmp_5,2025-12-09 21:23:38.903499,Meta_Ads,US-EAST
evt_564,u_421,cmp_1,2025-12-09 23:01:40.903508,Meta_Ads,US-EAST
evt_565,u_201,cmp_5,2025-12-09 22:42:12.903517,Meta_Ads,US-EAST
evt_566,u_163,cmp_5,2025-12-09 21:25:17.903527,Meta_Ads,US-EAST
evt_567,u_54,cmp_1,2025-12-09 23:21:57.903536,Meta_Ads,US-EAST
evt_568,u_283,cmp_3,2025-12-09 20:53:00.903545,Meta_Ads,US-EAST
evt_569,u_190,cmp_4,2025-12-09 22:42:11.903554,Meta_Ads,US-EAST
evt_570,u_106,cmp_5,2025-12-09 23:14:07.903563,Meta_Ads,US-EAST
evt_571,u_153,cmp_1,2025-12-09 23:20:58.903572,Meta_Ads,US-EAST
evt_572,u_159,cmp_2,2025-12-09 21:08:58.903581,Meta_Ads,US-EAST
evt_573,u_48,cmp_5,2025-12-09 21:30:31.903590,Meta_Ads,US-EAST
evt_574,u_432,cmp_2,2025-12-09 21:23:24.903600,Meta_Ads,US-EAST
evt_575,u_344,cmp_3,2025-12-09 21:00:05.903609,Meta_Ads,US-EAST
evt_576,u_327,cmp_1,2025-12-09 21:36:05.903618,Meta_Ads,US-EAST
evt_577,u_220,cmp_4,2025-12-09 22:03:41.903627,Meta_Ads,US-EAST
evt_578,u_322,cmp_2,2025-12-09 21:14:13.903637,Meta_Ads,US-EAST
evt_579,u_483,cmp_4,2025-12-09 22:51:46.903646,Meta_Ads,US-EAST
evt_580,u_202,cmp_1,2025-12-09 21:36:44.903656,Meta_Ads,US-EAST
evt_581,u_486,cmp_1,2025-12-09 21:00:38.903665,Meta_Ads,US-EAST
evt_582,u_292,cmp_1,2025-12-09 21:24:13.903674,Meta_Ads,US-EAST
evt_583,u_486,cmp_3,2025-12-09 21:44:02.903684,Meta_Ads,US-EAST
evt_584,u_463,cmp_4,2025-12-09 21:06:14.903693,Meta_Ads,US-EAST
evt_585,u_165,cmp_3,2025-12-09 21:30:54.903703,Meta_Ads,US-EAST
evt_586,u_376,cmp_1,2025-12-09 21:05:51.903712,Meta_Ads,US-EAST
evt_587,u_450,cmp_3,2025-12-09 22:41:01.903720,Meta_Ads,US-EAST
evt_588,u_219,cmp_3,2025-12-09 22:24:05.903729,Meta_Ads,US-EAST
evt_589,u_74,cmp_5,2025-12-09 22:45:21.903739,Meta_Ads,US-EAST
evt_590,u_396,cmp_2,2025-12-09 21:13:00.903749,Meta_Ads,US-EAST
evt_591,u_176,cmp_3,2025-12-09 23:24:54.903759,Meta_Ads,US-EAST
evt_592,u_352,cmp_2,2025-12-09 21:01:19.903767,Meta_Ads,US-EAST
evt_593,u_375,cmp_4,2025-12-09 21:05:47.903776,Meta_Ads,US-EAST
evt_594,u_378,cmp_2,2025-12-09 22:28:48.903785,Meta_Ads,US-EAST
evt_595,u_492,cmp_3,2025-12-09 22:07:07.903795,Meta_Ads,US-EAST
evt_596,u_405,cmp_3,2025-12-09 21:29:15.903804,Meta_Ads,US-EAST
evt_597,u_314,cmp_5,2025-12-09 21:49:55.903813,Meta_Ads,US-EAST
evt_598,u_484,cmp_3,2025-12-09 22:06:27.903822,Meta_Ads,US-EAST
evt_599,u_459,cmp_5,2025-12-09 21:57:51.903831,Meta_Ads,US-EAST
evt_600,u_162,cmp_5,2025-12-09 21:57:14.903840,Meta_Ads,US-EAST
evt_601,u_148,cmp_1,2025-12-09 22:40:04.903849,Meta_Ads,US-EAST
evt_602,u_166,cmp_2,2025-12-09 21:04:02.903858,Meta_Ads,US-EAST
evt_603,u_166,cmp_1,2025-12-09 21:47:12.903868,Meta_Ads,US-EAST
evt_604,u_61,cmp_1,2025-12-09 22:38:28.903877,Meta_Ads,US-EAST
evt_605,u_369,cmp_3,2025-12-09 22:14:38.903886,Meta_Ads,US-EAST
evt_606,u_446,cmp_4,2025-12-09 21:24:17.903895,Meta_Ads,US-EAST
evt_607,u_491,cmp_5,2025-12-09 21:13:31.903904,Meta_Ads,US-EAST
evt_608,u_406,cmp_2,2025-12-09 20:53:01.903913,Meta_Ads,US-EAST
evt_609,u_376,cmp_5,2025-12-09 21:18:52.903922,Meta_Ads,US-EAST
evt_610,u_419,cmp_4,2025-12-09 21:43:14.903931,Meta_Ads,US-EAST
evt_611,u_2,cmp_1,2025-12-09 23:30:35.903941,Meta_Ads,US-EAST
evt_612,u_164,cmp_1,2025-12-09 21:21:13.903950,Meta_Ads,US-EAST
evt_613,u_53,cmp_4,2025-12-09 22:02:46.903959,Meta_Ads,US-EAST
evt_614,u_394,cmp_4,2025-12-09 23:01:22.903968,Meta_Ads,US-EAST
evt_615,u_334,cmp_2,2025-12-09 22:28:33.903978,Meta_Ads,US-EAST
evt_616,u_283,cmp_1,2025-12-09 22:30:50.903987,Meta_Ads,US-EAST
evt_617,u_50,cmp_2,2025-12-09 22:16:44.903996,Meta_Ads,US-EAST
evt_618,u_454,cmp_5,2025-12-09 22:05:32.904005,Meta_Ads,US-EAST
evt_619,u_230,cmp_5,2025-12-09 22:53:30.904014,Meta_Ads,US-EAST
evt_620,u_155,cmp_3,2025-12-09 21:21:28.904023,Meta_Ads,US-EAST
evt_621,u_494,cmp_4,2025-12-09 23:28:24.904032,Meta_Ads,US-EAST
evt_622,u_500,cmp_3,2025-12-09 22:48:22.904041,Meta_Ads,US-EAST
evt_623,u_372,cmp_1,2025-12-09 21:15:59.904050,Meta_Ads,US-EAST
evt_624,u_433,cmp_2,2025-12-09 21:47:33.904060,Meta_Ads,US-EAST
evt_625,u_1,cmp_5,2025-12-09 21:15:15.904069,Meta_Ads,US-EAST
evt_626,u_393,cmp_5,2025-12-09 21:06:49.904078,Meta_Ads,US-EAST
evt_627,u_58,cmp_1,2025-12-09 23:05:02.904087,Meta_Ads,US-EAST
evt_628,u_400,cmp_2,2025-12-09 20:56:20.904096,Meta_Ads,US-EAST
evt_629,u_73,cmp_5,2025-12-09 21:13:50.904105,Meta_Ads,US-EAST
evt_630,u_309,cmp_1,2025-12-09 21:07:36.904113,Meta_Ads,US-EAST
evt_631,u_281,cmp_4,2025-12-09 22:09:12.904122,Meta_Ads,US-EAST
evt_632,u_291,cmp_3,2025-12-09 21:23:32.904131,Meta_Ads,US-EAST
evt_633,u_386,cmp_2,2025-12-09 20:49:21.904140,Meta_Ads,US-EAST
evt_634,u_415,cmp_2,2025-12-09 23:29:17.904149,Meta_Ads,US-EAST
evt_635,u_225,cmp_4,2025-12-09 22:42:50.904158,Meta_Ads,US-EAST
evt_636,u_164,cmp_4,2025-12-09 21:03:22.904167,Meta_Ads,US-EAST
evt_637,u_300,cmp_2,2025-12-09 23:10:42.904176,Meta_Ads,US-EAST
evt_638,u_345,cmp_2,2025-12-09 23:27:26.904184,Meta_Ads,US-EAST
evt_639,u_415,cmp_2,2025-12-09 21:42:24.904193,Meta_Ads,US-EAST
evt_640,u_56,cmp_2,2025-12-09 22:32:50.904202,Meta_Ads,US-EAST
evt_641,u_447,cmp_3,2025-12-09 23:10:44.904212,Meta_Ads,US-EAST
evt_642,u_291,cmp_1,2025-12-09 22:24:13.905765,Meta_Ads,US-EAST
evt_643,u_460,cmp_1,2025-12-09 21:50:36.905788,Meta_Ads,US-EAST
evt_644,u_212,cmp_4,2025-12-09 21:49:47.905799,Meta_Ads,US-EAST
evt_645,u_257,cmp_3,2025-12-09 23:07:59.905807,Meta_Ads,US-EAST
evt_646,u_286,cmp_1,2025-12-09 22:45:10.905816,Meta_Ads,US-EAST
evt_647,u_305,cmp_2,2025-12-09 22:56:59.905824,Meta_Ads,US-EAST
evt_648,u_469,cmp_2,2025-12-09 23:29:44.905831,Meta_Ads,US-EAST
evt_649,u_122,cmp_1,2025-12-09 21:28:04.905840,Meta_Ads,US-EAST
evt_650,u_443,cmp_3,2025-12-09 23:02:16.905848,Meta_Ads,US-EAST
evt_651,u_216,cmp_3,2025-12-09 20:50:19.905856,Meta_Ads,US-EAST
evt_652,u_436,cmp_4,2025-12-09 21:32:41.905864,Meta_Ads,US-EAST
evt_653,u_393,cmp_3,2025-12-09 21:29:35.905872,Meta_Ads,US-EAST
evt_654,u_451,cmp_3,2025-12-09 21:43:12.905880,Meta_Ads,US-EAST
evt_655,u_6,cmp_2,2025-12-09 23:04:00.905888,Meta_Ads,US-EAST
evt_656,u_68,cmp_3,2025-12-09 21:22:35.905896,Meta_Ads,US-EAST
evt_657,u_139,cmp_2,2025-12-09 22:23:12.905905,Meta_Ads,US-EAST
evt_658,u_366,cmp_5,2025-12-09 22:13:07.905914,Meta_Ads,US-EAST
evt_659,u_164,cmp_2,2025-12-09 21:56:30.905923,Meta_Ads,US-EAST
evt_660,u_178,cmp_2,2025-12-09 21:05:24.905932,Meta_Ads,US-EAST
evt_661,u_237,cmp_4,2025-12-09 22:22:43.905940,Meta_Ads,US-EAST
evt_662,u_55,cmp_1,2025-12-09 21:51:49.905947,Meta_Ads,US-EAST
evt_663,u_256,cmp_2,2025-12-09 23:13:00.905956,Meta_Ads,US-EAST
evt_664,u_174,cmp_2,2025-12-09 22:55:09.905964,Meta_Ads,US-EAST
evt_665,u_299,cmp_2,2025-12-09 21:11:02.905972,Meta_Ads,US-EAST
evt_666,u_414,cmp_2,2025-12-09 21:52:41.905980,Meta_Ads,US-EAST
evt_667,u_274,cmp_1,2025-12-09 23:29:20.905988,Meta_Ads,US-EAST
evt_668,u_124,cmp_5,2025-12-09 21:41:51.905997,Meta_Ads,US-EAST
evt_669,u_435,cmp_4,2025-12-09 23:26:45.906004,Meta_Ads,US-EAST
evt_670,u_236,cmp_1,2025-12-09 21:18:25.906012,Meta_Ads,US-EAST
evt_671,u_490,cmp_2,2025-12-09 21:32:41.906020,Meta_Ads,US-EAST
evt_672,u_261,cmp_1,2025-12-09 21:10:53.906028,Meta_Ads,US-EAST
evt_673,u_50,cmp_3,2025-12-09 23:05:26.906036,Meta_Ads,US-EAST
evt_674,u_25,cmp_2,2025-12-09 22:34:31.906045,Meta_Ads,US-EAST
evt_675,u_356,cmp_3,2025-12-09 22:41:33.906053,Meta_Ads,US-EAST
evt_676,u_113,cmp_1,2025-12-09 22:21:34.906061,Meta_Ads,US-EAST
evt_677,u_44,cmp_2,2025-12-09 22:07:31.906069,Meta_Ads,US-EAST
evt_678,u_118,cmp_5,2025-12-09 20:56:56.906077,Meta_Ads,US-EAST
evt_679,u_269,cmp_3,2025-12-09 22:05:29.906086,Meta_Ads,US-EAST
evt_680,u_478,cmp_5,2025-12-09 21:18:45.906094,Meta_Ads,US-EAST
evt_681,u_88,cmp_4,2025-12-09 21:20:49.906102,Meta_Ads,US-EAST
evt_682,u_224,cmp_1,2025-12-09 23:08:18.906111,Meta_Ads,US-EAST
evt_683,u_181,cmp_1,2025-12-09 21:54:22.906118,Meta_Ads,US-EAST
evt_684,u_461,cmp_2,2025-12-09 23:23:15.906126,Meta_Ads,US-EAST
evt_685,u_446,cmp_3,2025-12-09 22:48:58.906135,Meta_Ads,US-EAST
evt_686,u_438,cmp_3,2025-12-09 22:36:16.906143,Meta_Ads,US-EAST
evt_687,u_291,cmp_2,2025-12-09 22:03:12.906151,Meta_Ads,US-EAST
evt_688,u_93,cmp_5,2025-12-09 22:16:58.906160,Meta_Ads,US-EAST
evt_689,u_163,cmp_5,2025-12-09 22:38:19.906168,Meta_Ads,US-EAST
evt_690,u_122,cmp_3,2025-12-09 21:19:55.906176,Meta_Ads,US-EAST
evt_691,u_309,cmp_4,2025-12-09 21:42:17.906185,Meta_Ads,US-EAST
evt_692,u_299,cmp_5,2025-12-09 22:25:51.906193,Meta_Ads,US-EAST
evt_693,u_131,cmp_4,2025-12-09 22:07:12.906201,Meta_Ads,US-EAST
evt_694,u_37,cmp_2,2025-12-09 22:46:54.906210,Meta_Ads,US-EAST
evt_695,u_49,cmp_2,2025-12-09 21:43:25.906218,Meta_Ads,US-EAST
evt_696,u_295,cmp_3,2025-12-09 21:17:27.906245,Meta_Ads,US-EAST
evt_697,u_74,cmp_1,2025-12-09 22:28:15.906255,Meta_Ads,US-EAST
evt_698,u_490,cmp_4,2025-12-09 23:13:23.906262,Meta_Ads,US-EAST
evt_699,u_311,cmp_5,2025-12-09 23:01:42.906270,Meta_Ads,US-EAST
evt_700,u_109,cmp_4,2025-12-09 22:38:55.906278,Meta_Ads,US-EAST
evt_701,u_476,cmp_5,2025-12-09 23:05:02.906286,Meta_Ads,US-EAST
evt_702,u_449,cmp_5,2025-12-09 21:31:44.906294,Meta_Ads,US-EAST
evt_703,u_208,cmp_4,2025-12-09 23:00:42.906302,Meta_Ads,US-EAST
evt_704,u_372,cmp_4,2025-12-09 21:37:25.906310,Meta_Ads,US-EAST
evt_705,u_345,cmp_3,2025-12-09 20:49:11.906318,Meta_Ads,US-EAST
evt_706,u_326,cmp_1,2025-12-09 21:13:38.906327,Meta_Ads,US-EAST
evt_707,u_119,cmp_5,2025-12-09 21:39:30.906335,Meta_Ads,US-EAST
evt_708,u_410,cmp_1,2025-12-09 23:26:53.906344,Meta_Ads,US-EAST
evt_709,u_408,cmp_3,2025-12-09 20:52:47.906352,Meta_Ads,US-EAST
evt_710,u_168,cmp_1,2025-12-09 22:10:20.906360,Meta_Ads,US-EAST
evt_711,u_266,cmp_2,2025-12-09 22:12:43.906368,Meta_Ads,US-EAST
evt_712,u_325,cmp_5,2025-12-09 21:10:33.906376,Meta_Ads,US-EAST
evt_713,u_422,cmp_4,2025-12-09 21:31:07.906384,Meta_Ads,US-EAST
evt_714,u_218,cmp_3,2025-12-09 21:04:29.906393,Meta_Ads,US-EAST
evt_715,u_341,cmp_5,2025-12-09 20:47:22.906402,Meta_Ads,US-EAST
evt_716,u_248,cmp_1,2025-12-09 22:49:32.906410,Meta_Ads,US-EAST
evt_717,u_61,cmp_4,2025-12-09 21:57:10.906418,Meta_Ads,US-EAST
evt_718,u_259,cmp_4,2025-12-09 23:19:22.906427,Meta_Ads,US-EAST
evt_719,u_73,cmp_3,2025-12-09 21:27:11.906435,Meta_Ads,US-EAST
evt_720,u_391,cmp_3,2025-12-09 23:29:56.906443,Meta_Ads,US-EAST
evt_721,u_173,cmp_5,2025-12-09 23:12:46.906451,Meta_Ads,US-EAST
evt_722,u_312,cmp_4,2025-12-09 23:09:12.906459,Meta_Ads,US-EAST
evt_723,u_34,cmp_5,2025-12-09 20:52:18.906467,Meta_Ads,US-EAST
evt_724,u_362,cmp_3,2025-12-09 22:42:59.906476,Meta_Ads,US-EAST
evt_725,u_97,cmp_3,2025-12-09 23:22:12.906484,Meta_Ads,US-EAST
evt_726,u_457,cmp_5,2025-12-09 21:16:05.906492,Meta_Ads,US-EAST
evt_727,u_367,cmp_1,2025-12-09 20:56:59.906500,Meta_Ads,US-EAST
evt_728,u_354,cmp_3,2025-12-09 23:01:34.906508,Meta_Ads,US-EAST
evt_729,u_119,cmp_2,2025-12-09 21:47:00.906516,Meta_Ads,US-EAST
evt_730,u_52,cmp_4,2025-12-09 20:57:34.906523,Meta_Ads,US-EAST
evt_731,u_459,cmp_1,2025-12-09 21:28:32.906531,Meta_Ads,US-EAST
evt_732,u_371,cmp_1,2025-12-09 22:28:02.906539,Meta_Ads,US-EAST
evt_733,u_214,cmp_2,2025-12-09 23:24:46.906547,Meta_Ads,US-EAST
evt_734,u_269,cmp_5,2025-12-09 23:23:48.906555,Meta_Ads,US-EAST
evt_735,u_348,cmp_3,2025-12-09 23:28:01.906562,Meta_Ads,US-EAST
evt_736,u_499,cmp_2,2025-12-09 22:59:54.906571,Meta_Ads,US-EAST
evt_737,u_272,cmp_5,2025-12-09 23:09:29.906578,Meta_Ads,US-EAST
evt_738,u_274,cmp_1,2025-12-09 22:58:22.906585,Meta_Ads,US-EAST
evt_739,u_207,cmp_5,2025-12-09 22:03:57.906592,Meta_Ads,US-EAST
evt_740,u_329,cmp_4,2025-12-09 22:32:18.906599,Meta_Ads,US-EAST
evt_741,u_204,cmp_3,2025-12-09 22:18:49.906606,Meta_Ads,US-EAST
evt_742,u_415,cmp_1,2025-12-09 23:16:29.906613,Meta_Ads,US-EAST
evt_743,u_137,cmp_2,2025-12-09 22:53:42.906620,Meta_Ads,US-EAST
evt_744,u_370,cmp_3,2025-12-09 22:28:20.906627,Meta_Ads,US-EAST
evt_745,u_293,cmp_4,2025-12-09 22:58:27.906634,Meta_Ads,US-EAST
evt_746,u_233,cmp_4,2025-12-09 22:35:31.906641,Meta_Ads,US-EAST
evt_747,u_97,cmp_4,2025-12-09 21:45:04.906648,Meta_Ads,US-EAST
evt_748,u_45,cmp_2,2025-12-09 22:22:02.906656,Meta_Ads,US-EAST
evt_749,u_128,cmp_4,2025-12-09 21:15:30.906664,Meta_Ads,US-EAST
evt_750,u_408,cmp_1,2025-12-09 22:19:04.906672,Meta_Ads,US-EAST
evt_751,u_98,cmp_4,2025-12-09 20:54:03.906680,Meta_Ads,US-EAST
evt_752,u_269,cmp_4,2025-12-09 23:14:23.906688,Meta_Ads,US-EAST
evt_753,u_327,cmp_1,2025-12-09 21:26:34.906696,Meta_Ads,US-EAST
evt_754,u_185,cmp_2,2025-12-09 20:55:42.906705,Meta_Ads,US-EAST
evt_755,u_374,cmp_1,2025-12-09 20:48:40.906713,Meta_Ads,US-EAST
evt_756,u_44,cmp_1,2025-12-09 23:17:50.906721,Meta_Ads,US-EAST
evt_757,u_251,cmp_4,2025-12-09 20:48:05.906728,Meta_Ads,US-EAST
evt_758,u_217,cmp_2,2025-12-09 22:56:35.906735,Meta_Ads,US-EAST
evt_759,u_201,cmp_5,2025-12-09 23:19:35.906742,Meta_Ads,US-EAST
evt_760,u_371,cmp_2,2025-12-09 21:29:05.906750,Meta_Ads,US-EAST
evt_761,u_356,cmp_2,2025-12-09 22:13:59.906757,Meta_Ads,US-EAST
evt_762,u_384,cmp_4,2025-12-09 21:11:04.906764,Meta_Ads,US-EAST
evt_763,u_257,cmp_4,2025-12-09 22:00:07.906771,Meta_Ads,US-EAST
evt_764,u_386,cmp_3,2025-12-09 21:40:36.906778,Meta_Ads,US-EAST
evt_765,u_488,cmp_5,2025-12-09 23:19:27.906785,Meta_Ads,US-EAST
evt_766,u_341,cmp_1,2025-12-09 21:46:01.906792,Meta_Ads,US-EAST
evt_767,u_17,cmp_4,2025-12-09 23:27:12.906799,Meta_Ads,US-EAST
evt_768,u_79,cmp_1,2025-12-09 21:58:30.906806,Meta_Ads,US-EAST
evt_769,u_68,cmp_1,2025-12-09 23:29:21.906814,Meta_Ads,US-EAST
evt_770,u_164,cmp_2,2025-12-09 20:50:03.906875,Meta_Ads,US-EAST
evt_771,u_81,cmp_4,2025-12-09 21:58:38.906890,Meta_Ads,US-EAST
evt_772,u_258,cmp_2,2025-12-09 23:22:00.906898,Meta_Ads,US-EAST
evt_773,u_142,cmp_1,2025-12-09 22:01:00.906905,Meta_Ads,US-EAST
evt_774,u_357,cmp_3,2025-12-09 22:29:44.906912,Meta_Ads,US-EAST
evt_775,u_368,cmp_1,2025-12-09 23:27:50.906919,Meta_Ads,US-EAST
evt_776,u_431,cmp_5,2025-12-09 22:45:03.906926,Meta_Ads,US-EAST
evt_777,u_154,cmp_3,2025-12-09 23:11:38.906933,Meta_Ads,US-EAST
evt_778,u_356,cmp_2,2025-12-09 22:56:27.906940,Meta_Ads,US-EAST
evt_779,u_62,cmp_2,2025-12-09 22:25:27.906947,Meta_Ads,US-EAST
evt_780,u_277,cmp_4,2025-12-09 21:37:24.906954,Meta_Ads,US-EAST
evt_781,u_230,cmp_2,2025-12-09 21:20:25.906961,Meta_Ads,US-EAST
evt_782,u_93,cmp_2,2025-12-09 21:33:38.906967,Meta_Ads,US-EAST
evt_783,u_421,cmp_1,2025-12-09 22:48:32.906975,Meta_Ads,US-EAST
evt_784,u_463,cmp_3,2025-12-09 23:22:40.906984,Meta_Ads,US-EAST
evt_785,u_130,cmp_2,2025-12-09 21:07:41.906992,Meta_Ads,US-EAST
evt_786,u_8,cmp_2,2025-12-09 23:21:36.907000,Meta_Ads,US-EAST
evt_787,u_20,cmp_4,2025-12-09 22:56:50.907008,Meta_Ads,US-EAST
evt_788,u_446,cmp_2,2025-12-09 21:43:27.907015,Meta_Ads,US-EAST
evt_789,u_485,cmp_5,2025-12-09 21:50:10.907022,Meta_Ads,US-EAST
evt_790,u_74,cmp_3,2025-12-09 22:40:51.907030,Meta_Ads,US-EAST
evt_791,u_4,cmp_4,2025-12-09 22:08:17.907046,Meta_Ads,US-EAST
evt_792,u_319,cmp_4,2025-12-09 21:56:46.907055,Meta_Ads,US-EAST
evt_793,u_140,cmp_4,2025-12-09 22:11:56.907063,Meta_Ads,US-EAST
evt_794,u_315,cmp_1,2025-12-09 21:00:41.907072,Meta_Ads,US-EAST
evt_795,u_470,cmp_2,2025-12-09 23:19:58.907080,Meta_Ads,US-EAST
evt_796,u_148,cmp_3,2025-12-09 23:17:03.907089,Meta_Ads,US-EAST
evt_797,u_36,cmp_2,2025-12-09 22:05:20.907097,Meta_Ads,US-EAST
evt_798,u_415,cmp_2,2025-12-09 22:36:41.907105,Meta_Ads,US-EAST
evt_799,u_279,cmp_3,2025-12-09 21:50:33.907113,Meta_Ads,US-EAST
evt_800,u_369,cmp_3,2025-12-09 21:12:15.907120,Meta_Ads,US-EAST
evt_801,u_438,cmp_1,2025-12-09 23:16:53.907129,Meta_Ads,US-EAST
evt_802,u_316,cmp_2,2025-12-09 21:50:45.907136,Meta_Ads,US-EAST
evt_803,u_372,cmp_4,2025-12-09 21:58:29.907144,Meta_Ads,US-EAST
evt_804,u_500,cmp_5,2025-12-09 21:57:47.907152,Meta_Ads,US-EAST
evt_805,u_102,cmp_2,2025-12-09 22:07:30.907161,Meta_Ads,US-EAST
evt_806,u_107,cmp_4,2025-12-09 22:41:22.907169,Meta_Ads,US-EAST
evt_807,u_355,cmp_2,2025-12-09 22:52:32.907178,Meta_Ads,US-EAST
evt_808,u_285,cmp_4,2025-12-09 23:20:19.907186,Meta_Ads,US-EAST
evt_809,u_307,cmp_5,2025-12-09 23:13:11.907194,Meta_Ads,US-EAST
evt_810,u_313,cmp_3,2025-12-09 22:13:54.907202,Meta_Ads,US-EAST
evt_811,u_208,cmp_1,2025-12-09 22:40:35.907211,Meta_Ads,US-EAST
evt_812,u_312,cmp_5,2025-12-09 23:27:13.907219,Meta_Ads,US-EAST
evt_813,u_228,cmp_5,2025-12-09 22:12:10.908350,Meta_Ads,US-EAST
evt_814,u_304,cmp_4,2025-12-09 21:20:55.908371,Meta_Ads,US-EAST
evt_815,u_88,cmp_3,2025-12-09 21:33:51.908382,Meta_Ads,US-EAST
evt_816,u_57,cmp_4,2025-12-09 21:27:15.908390,Meta_Ads,US-EAST
evt_817,u_214,cmp_2,2025-12-09 20:48:30.908398,Meta_Ads,US-EAST
evt_818,u_31,cmp_3,2025-12-09 23:13:18.908407,Meta_Ads,US-EAST
evt_819,u_352,cmp_5,2025-12-09 21:04:59.908416,Meta_Ads,US-EAST
evt_820,u_264,cmp_4,2025-12-09 21:42:39.908425,Meta_Ads,US-EAST
evt_821,u_394,cmp_1,2025-12-09 20:49:31.908434,Meta_Ads,US-EAST
evt_822,u_214,cmp_3,2025-12-09 23:14:48.908442,Meta_Ads,US-EAST
evt_823,u_307,cmp_4,2025-12-09 21:05:07.908450,Meta_Ads,US-EAST
evt_824,u_420,cmp_2,2025-12-09 20:51:39.908458,Meta_Ads,US-EAST
evt_825,u_86,cmp_4,2025-12-09 21:10:54.908466,Meta_Ads,US-EAST
evt_826,u_68,cmp_3,2025-12-09 22:27:23.908473,Meta_Ads,US-EAST
evt_827,u_84,cmp_2,2025-12-09 23:08:43.908480,Meta_Ads,US-EAST
evt_828,u_368,cmp_5,2025-12-09 23:22:49.908487,Meta_Ads,US-EAST
evt_829,u_265,cmp_4,2025-12-09 20:58:34.908495,Meta_Ads,US-EAST
evt_830,u_433,cmp_2,2025-12-09 22:46:35.908502,Meta_Ads,US-EAST
evt_831,u_228,cmp_5,2025-12-09 21:57:13.908510,Meta_Ads,US-EAST
evt_832,u_229,cmp_3,2025-12-09 21:30:40.908519,Meta_Ads,US-EAST
evt_833,u_241,cmp_1,2025-12-09 21:44:00.908526,Meta_Ads,US-EAST
evt_834,u_142,cmp_2,2025-12-09 22:16:30.908534,Meta_Ads,US-EAST
evt_835,u_481,cmp_4,2025-12-09 23:32:11.908541,Meta_Ads,US-EAST
evt_836,u_315,cmp_2,2025-12-09 22:32:23.908549,Meta_Ads,US-EAST
evt_837,u_436,cmp_1,2025-12-09 21:42:50.908556,Meta_Ads,US-EAST
evt_838,u_373,cmp_1,2025-12-09 22:00:45.908563,Meta_Ads,US-EAST
evt_839,u_237,cmp_1,2025-12-09 22:04:00.908571,Meta_Ads,US-EAST
evt_840,u_479,cmp_5,2025-12-09 20:56:03.908580,Meta_Ads,US-EAST
evt_841,u_474,cmp_3,2025-12-09 22:41:44.908588,Meta_Ads,US-EAST
evt_842,u_30,cmp_3,2025-12-09 22:28:11.908596,Meta_Ads,US-EAST
evt_843,u_481,cmp_5,2025-12-09 21:03:16.908604,Meta_Ads,US-EAST
evt_844,u_36,cmp_3,2025-12-09 22:04:14.908612,Meta_Ads,US-EAST
evt_845,u_343,cmp_5,2025-12-09 22:05:24.908620,Meta_Ads,US-EAST
evt_846,u_346,cmp_2,2025-12-09 21:15:12.908628,Meta_Ads,US-EAST
evt_847,u_268,cmp_3,2025-12-09 23:32:22.908636,Meta_Ads,US-EAST
evt_848,u_422,cmp_2,2025-12-09 23:00:14.908645,Meta_Ads,US-EAST
evt_849,u_173,cmp_4,2025-12-09 23:27:41.908652,Meta_Ads,US-EAST
evt_850,u_471,cmp_5,2025-12-09 21:47:46.908660,Meta_Ads,US-EAST
evt_851,u_358,cmp_2,2025-12-09 23:17:05.908668,Meta_Ads,US-EAST
evt_852,u_185,cmp_1,2025-12-09 23:00:29.908676,Meta_Ads,US-EAST
evt_853,u_412,cmp_2,2025-12-09 22:14:37.908684,Meta_Ads,US-EAST
evt_854,u_171,cmp_3,2025-12-09 22:45:22.908692,Meta_Ads,US-EAST
evt_855,u_380,cmp_5,2025-12-09 21:30:44.908700,Meta_Ads,US-EAST
evt_856,u_242,cmp_1,2025-12-09 23:08:15.908708,Meta_Ads,US-EAST
evt_857,u_412,cmp_4,2025-12-09 23:16:01.908716,Meta_Ads,US-EAST
evt_858,u_290,cmp_3,2025-12-09 21:05:36.908723,Meta_Ads,US-EAST
evt_859,u_49,cmp_5,2025-12-09 20:56:04.908730,Meta_Ads,US-EAST
evt_860,u_299,cmp_5,2025-12-09 21:47:24.908737,Meta_Ads,US-EAST
evt_861,u_237,cmp_5,2025-12-09 21:09:00.908743,Meta_Ads,US-EAST
evt_862,u_428,cmp_4,2025-12-09 22:23:06.908752,Meta_Ads,US-EAST
evt_863,u_206,cmp_5,2025-12-09 22:10:30.908759,Meta_Ads,US-EAST
evt_864,u_394,cmp_3,2025-12-09 20:48:43.908767,Meta_Ads,US-EAST
evt_865,u_269,cmp_1,2025-12-09 22:37:33.908775,Meta_Ads,US-EAST
evt_866,u_400,cmp_1,2025-12-09 21:11:10.908782,Meta_Ads,US-EAST
evt_867,u_372,cmp_2,2025-12-09 22:13:24.908790,Meta_Ads,US-EAST
evt_868,u_247,cmp_3,2025-12-09 22:48:33.908798,Meta_Ads,US-EAST
evt_869,u_402,cmp_3,2025-12-09 22:45:53.908805,Meta_Ads,US-EAST
evt_870,u_135,cmp_1,2025-12-09 22:11:30.908812,Meta_Ads,US-EAST
evt_871,u_267,cmp_2,2025-12-09 22:31:58.908820,Meta_Ads,US-EAST
evt_872,u_450,cmp_5,2025-12-09 23:16:24.908827,Meta_Ads,US-EAST
evt_873,u_395,cmp_4,2025-12-09 23:27:19.908833,Meta_Ads,US-EAST
evt_874,u_6,cmp_2,2025-12-09 21:18:56.908840,Meta_Ads,US-EAST
evt_875,u_498,cmp_1,2025-12-09 21:52:53.908847,Meta_Ads,US-EAST
evt_876,u_47,cmp_3,2025-12-09 23:06:57.908855,Meta_Ads,US-EAST
evt_877,u_207,cmp_2,2025-12-09 21:40:56.908862,Meta_Ads,US-EAST
evt_878,u_358,cmp_1,2025-12-09 21:26:59.908869,Meta_Ads,US-EAST
evt_879,u_250,cmp_5,2025-12-09 22:04:27.908876,Meta_Ads,US-EAST
evt_880,u_137,cmp_2,2025-12-09 22:50:49.908884,Meta_Ads,US-EAST
evt_881,u_20,cmp_1,2025-12-09 22:58:12.908891,Meta_Ads,US-EAST
evt_882,u_171,cmp_3,2025-12-09 21:10:55.908898,Meta_Ads,US-EAST
evt_883,u_473,cmp_4,2025-12-09 22:33:21.908905,Meta_Ads,US-EAST
evt_884,u_56,cmp_5,2025-12-09 22:05:09.908913,Meta_Ads,US-EAST
evt_885,u_295,cmp_4,2025-12-09 21:30:10.908920,Meta_Ads,US-EAST
evt_886,u_136,cmp_3,2025-12-09 22:02:30.908927,Meta_Ads,US-EAST
evt_887,u_58,cmp_5,2025-12-09 23:11:24.908934,Meta_Ads,US-EAST
evt_888,u_411,cmp_4,2025-12-09 20:52:57.908941,Meta_Ads,US-EAST
evt_889,u_416,cmp_3,2025-12-09 21:29:55.908947,Meta_Ads,US-EAST
evt_890,u_364,cmp_4,2025-12-09 22:01:05.908955,Meta_Ads,US-EAST
evt_891,u_66,cmp_3,2025-12-09 23:09:30.908963,Meta_Ads,US-EAST
evt_892,u_457,cmp_5,2025-12-09 22:37:06.908971,Meta_Ads,US-EAST
evt_893,u_68,cmp_5,2025-12-09 21:23:29.908979,Meta_Ads,US-EAST
evt_894,u_459,cmp_4,2025-12-09 22:26:26.908988,Meta_Ads,US-EAST
evt_895,u_490,cmp_1,2025-12-09 22:40:33.908995,Meta_Ads,US-EAST
evt_896,u_37,cmp_5,2025-12-09 21:05:12.909002,Meta_Ads,US-EAST
evt_897,u_402,cmp_4,2025-12-09 22:22:24.909010,Meta_Ads,US-EAST
evt_898,u_243,cmp_5,2025-12-09 23:22:46.909067,Meta_Ads,US-EAST
evt_899,u_96,cmp_4,2025-12-09 20:50:33.909084,Meta_Ads,US-EAST
evt_900,u_409,cmp_2,2025-12-09 23:24:47.909093,Meta_Ads,US-EAST
evt_901,u_260,cmp_1,2025-12-09 22:22:35.909101,Meta_Ads,US-EAST
evt_902,u_104,cmp_5,2025-12-09 22:25:48.909108,Meta_Ads,US-EAST
evt_903,u_175,cmp_2,2025-12-09 20:47:00.909115,Meta_Ads,US-EAST
evt_904,u_217,cmp_4,2025-12-09 21:28:25.909122,Meta_Ads,US-EAST
evt_905,u_363,cmp_2,2025-12-09 20:48:28.909129,Meta_Ads,US-EAST
evt_906,u_303,cmp_2,2025-12-09 22:27:52.909136,Meta_Ads,US-EAST
evt_907,u_397,cmp_2,2025-12-09 21:00:21.909143,Meta_Ads,US-EAST
evt_908,u_401,cmp_2,2025-12-09 22:03:28.909150,Meta_Ads,US-EAST
evt_909,u_169,cmp_2,2025-12-09 22:14:58.909157,Meta_Ads,US-EAST
evt_910,u_77,cmp_3,2025-12-09 21:56:09.909164,Meta_Ads,US-EAST
evt_911,u_496,cmp_4,2025-12-09 22:00:52.909171,Meta_Ads,US-EAST
evt_912,u_154,cmp_5,2025-12-09 21:25:06.909179,Meta_Ads,US-EAST
evt_913,u_155,cmp_1,2025-12-09 22:17:11.909188,Meta_Ads,US-EAST
evt_914,u_98,cmp_1,2025-12-09 21:39:56.909196,Meta_Ads,US-EAST
evt_915,u_367,cmp_1,2025-12-09 22:16:24.909204,Meta_Ads,US-EAST
evt_916,u_117,cmp_3,2025-12-09 23:21:18.909212,Meta_Ads,US-EAST
evt_917,u_263,cmp_5,2025-12-09 23:10:41.909220,Meta_Ads,US-EAST
evt_918,u_428,cmp_1,2025-12-09 22:14:24.909247,Meta_Ads,US-EAST
evt_919,u_283,cmp_1,2025-12-09 22:31:09.909255,Meta_Ads,US-EAST
evt_920,u_45,cmp_2,2025-12-09 21:27:15.909263,Meta_Ads,US-EAST
evt_921,u_428,cmp_3,2025-12-09 22:08:44.909271,Meta_Ads,US-EAST
evt_922,u_312,cmp_5,2025-12-09 20:47:54.909279,Meta_Ads,US-EAST
evt_923,u_410,cmp_3,2025-12-09 21:19:58.909287,Meta_Ads,US-EAST
evt_924,u_398,cmp_3,2025-12-09 22:32:32.909296,Meta_Ads,US-EAST
evt_925,u_126,cmp_5,2025-12-09 21:11:52.909304,Meta_Ads,US-EAST
evt_926,u_14,cmp_3,2025-12-09 21:59:35.909313,Meta_Ads,US-EAST
evt_927,u_477,cmp_4,2025-12-09 22:34:50.909322,Meta_Ads,US-EAST
evt_928,u_134,cmp_5,2025-12-09 23:18:00.909329,Meta_Ads,US-EAST
evt_929,u_318,cmp_1,2025-12-09 20:56:50.909337,Meta_Ads,US-EAST
evt_930,u_78,cmp_5,2025-12-09 22:25:38.909346,Meta_Ads,US-EAST
evt_931,u_305,cmp_1,2025-12-09 21:38:41.909354,Meta_Ads,US-EAST
evt_932,u_456,cmp_4,2025-12-09 21:14:45.909361,Meta_Ads,US-EAST
evt_933,u_5,cmp_1,2025-12-09 23:07:52.909369,Meta_Ads,US-EAST
evt_934,u_373,cmp_2,2025-12-09 23:11:42.909378,Meta_Ads,US-EAST
evt_935,u_358,cmp_5,2025-12-09 23:10:35.909387,Meta_Ads,US-EAST
evt_936,u_31,cmp_2,2025-12-09 21:10:12.909397,Meta_Ads,US-EAST
evt_937,u_282,cmp_1,2025-12-09 20:47:13.909406,Meta_Ads,US-EAST
evt_938,u_182,cmp_3,2025-12-09 22:28:38.909415,Meta_Ads,US-EAST
evt_939,u_301,cmp_5,2025-12-09 21:54:24.909424,Meta_Ads,US-EAST
evt_940,u_408,cmp_1,2025-12-09 22:24:44.909433,Meta_Ads,US-EAST
evt_941,u_61,cmp_2,2025-12-09 22:16:08.909441,Meta_Ads,US-EAST
evt_942,u_296,cmp_5,2025-12-09 23:06:25.909450,Meta_Ads,US-EAST
evt_943,u_214,cmp_5,2025-12-09 22:42:46.909457,Meta_Ads,US-EAST
evt_944,u_9,cmp_3,2025-12-09 22:25:46.909466,Meta_Ads,US-EAST
evt_945,u_9,cmp_5,2025-12-09 23:25:40.909474,Meta_Ads,US-EAST
evt_946,u_407,cmp_5,2025-12-09 23:09:13.909482,Meta_Ads,US-EAST
evt_947,u_97,cmp_5,2025-12-09 20:47:56.909490,Meta_Ads,US-EAST
evt_948,u_381,cmp_4,2025-12-09 21:33:05.909499,Meta_Ads,US-EAST
evt_949,u_262,cmp_3,2025-12-09 21:33:10.909506,Meta_Ads,US-EAST
evt_950,u_365,cmp_4,2025-12-09 20:54:39.909514,Meta_Ads,US-EAST
evt_951,u_378,cmp_5,2025-12-09 21:11:06.909523,Meta_Ads,US-EAST
evt_952,u_382,cmp_3,2025-12-09 23:28:32.909532,Meta_Ads,US-EAST
evt_953,u_340,cmp_3,2025-12-09 21:35:41.909541,Meta_Ads,US-EAST
evt_954,u_397,cmp_5,2025-12-09 23:06:03.909549,Meta_Ads,US-EAST
evt_955,u_297,cmp_2,2025-12-09 21:47:52.909558,Meta_Ads,US-EAST
evt_956,u_145,cmp_4,2025-12-09 21:02:42.909565,Meta_Ads,US-EAST
evt_957,u_403,cmp_3,2025-12-09 22:23:26.909572,Meta_Ads,US-EAST
evt_958,u_51,cmp_3,2025-12-09 21:23:55.909580,Meta_Ads,US-EAST
evt_959,u_384,cmp_1,2025-12-09 21:55:18.909588,Meta_Ads,US-EAST
evt_960,u_497,cmp_5,2025-12-09 21:53:01.909596,Meta_Ads,US-EAST
evt_961,u_263,cmp_2,2025-12-09 23:03:52.909603,Meta_Ads,US-EAST
evt_962,u_59,cmp_4,2025-12-09 20:48:18.909611,Meta_Ads,US-EAST
evt_963,u_71,cmp_1,2025-12-09 21:23:13.909619,Meta_Ads,US-EAST
evt_964,u_54,cmp_1,2025-12-09 21:06:02.909627,Meta_Ads,US-EAST
evt_965,u_132,cmp_4,2025-12-09 21:34:11.909635,Meta_Ads,US-EAST
evt_966,u_152,cmp_5,2025-12-09 21:18:07.909643,Meta_Ads,US-EAST
evt_967,u_191,cmp_3,2025-12-09 23:27:50.909650,Meta_Ads,US-EAST
evt_968,u_321,cmp_5,2025-12-09 21:09:01.909656,Meta_Ads,US-EAST
evt_969,u_351,cmp_3,2025-12-09 22:02:57.909664,Meta_Ads,US-EAST
evt_970,u_189,cmp_4,2025-12-09 21:53:06.909672,Meta_Ads,US-EAST
evt_971,u_379,cmp_2,2025-12-09 22:51:21.909681,Meta_Ads,US-EAST
evt_972,u_466,cmp_2,2025-12-09 22:21:19.909689,Meta_Ads,US-EAST
evt_973,u_193,cmp_1,2025-12-09 22:35:42.909697,Meta_Ads,US-EAST
evt_974,u_24,cmp_5,2025-12-09 20:48:39.909706,Meta_Ads,US-EAST
evt_975,u_153,cmp_4,2025-12-09 21:13:07.909714,Meta_Ads,US-EAST
evt_976,u_190,cmp_2,2025-12-09 20:49:01.909722,Meta_Ads,US-EAST
evt_977,u_363,cmp_1,2025-12-09 21:18:03.909730,Meta_Ads,US-EAST
evt_978,u_314,cmp_4,2025-12-09 21:21:47.909739,Meta_Ads,US-EAST
evt_979,u_359,cmp_5,2025-12-09 21:44:39.909747,Meta_Ads,US-EAST
evt_980,u_254,cmp_4,2025-12-09 22:54:21.909755,Meta_Ads,US-EAST
evt_981,u_185,cmp_4,2025-12-09 21:13:57.909763,Meta_Ads,US-EAST
evt_982,u_238,cmp_1,2025-12-09 21:56:17.909772,Meta_Ads,US-EAST
evt_983,u_479,cmp_4,2025-12-09 23:21:54.909780,Meta_Ads,US-EAST
evt_984,u_260,cmp_2,2025-12-09 23:01:37.909788,Meta_Ads,US-EAST
evt_985,u_43,cmp_4,2025-12-09 23:08:49.909796,Meta_Ads,US-EAST
evt_986,u_117,cmp_4,2025-12-09 21:15:42.909805,Meta_Ads,US-EAST
evt_987,u_373,cmp_3,2025-12-09 23:00:11.909812,Meta_Ads,US-EAST
evt_988,u_289,cmp_3,2025-12-09 23:04:52.909821,Meta_Ads,US-EAST
evt_989,u_449,cmp_1,2025-12-09 21:22:05.909828,Meta_Ads,US-EAST
evt_990,u_450,cmp_3,2025-12-09 21:26:55.909838,Meta_Ads,US-EAST
evt_991,u_216,cmp_1,2025-12-09 22:18:14.909846,Meta_Ads,US-EAST
evt_992,u_111,cmp_5,2025-12-09 22:47:51.909855,Meta_Ads,US-EAST
evt_993,u_28,cmp_2,2025-12-09 22:45:37.909862,Meta_Ads,US-EAST
evt_994,u_304,cmp_1,2025-12-09 21:35:29.909871,Meta_Ads,US-EAST
evt_995,u_332,cmp_2,2025-12-09 21:06:31.909879,Meta_Ads,US-EAST
evt_996,u_314,cmp_2,2025-12-09 21:04:06.909887,Meta_Ads,US-EAST
evt_997,u_329,cmp_1,2025-12-09 21:00:08.909895,Meta_Ads,US-EAST
evt_998,u_411,cmp_1,2025-12-09 23:27:21.909903,Meta_Ads,US-EAST
evt_999,u_14,cmp_4,2025-12-09 21:53:06.909911,Meta_Ads,US-EAST
